Well No,Type,Well Type,Agency,State,District,Tahsil / Taluk,Block / Mandal,Village,Hamlet,Survey No,Owner,Additonal Information,Basin Code,Sub Basin,Minor Basin,Geology,Geomorphology,Toposheet No,Latitude,Longitude,Grid E,Grid N,Site ID,Well use,Surface Water Influence,Local Morphology,Command Area,Name of Command,Well Location,Well Depth ,Height of Measuring Point,Elevation of Ground Level,DWLR installed,DWLR No,DWLR type,stratigraphy,Station Name,MonitorFrom,MonitorTo,Land Use,Monitoring Type,WQ Issue
53258,OB,Dug Well,"WRD, Tamil Nadu",22,19.Tiruppur,Uthukuli,Uthukuli,Chengappalli,,,Panchayat,,002,Noyyal,Noyyal,CNK,PE,58E8,11.1997,77.4225,,,F,Monitoring,,PE,FALSE,,Located at Bye-pass road,33.20000076,0.829999983,304,FALSE,,,Archaean,Shengapalli,,,Rural,,
53260,OB,Dug Well,"WRD, Tamil Nadu",22,19.Tiruppur,Uthukuli,Uthukuli,Rettipalayam,,,Panchayat,,002,Noyyal,Noyyal,CNK,PE,58E8,11.1756,77.4597,,,F,Domestic,,PE,FALSE,,On main road near Over head tank,28.25,0.800000012,281,FALSE,,,Archaean,Raddipalayam,,,Rural,,
53261,OB,Dug Well,"WRD, Tamil Nadu",22,19.Tiruppur,Uthukuli,Uthukuli,Sar. Periyapalayam,,,Panchayat,,002,Noyyal,Noyya;,CNK,PE,58E8,11.13061,77.4039,,,F,Monitoring,,PE,FALSE,,200' North Eastern side of the temple adjoining the tar road,16.29999924,0.829999983,288,FALSE,,,Archaean,Sakarperiyapala,,,Rural,,
53262,OB,Dug Well,"WRD, Tamil Nadu",22,19.Tiruppur,Uthukuli,Uthukuli,Puthur Pallapalayam,,,Panchayat,,002,Noyyal,Noyyal,CNK,PE,58E8,11.1206,77.4625,,,F,Monitoring,,PE,FALSE,,On the road to suppanur from main road and  west of the village,25.60000038,0.75,269,FALSE,,,Archaean,Pallapalayam,,,Rural,,
53271,OB,Dug Well,"WRD, Tamil Nadu",22,19.Tiruppur,Uthukuli,Uthukuli,Virumandampalayam,,,Panchayat,,002,Noyyal,Noyyal,CNK,PE,58E8,11.2294,77.4175,,,F,Monitoring,,PE,FALSE,,Adjacent to sengapalli kunnathur mainroad,24.89999962,0.75,304,FALSE,,,Archaean,Thalapthi,,,Rural,,
53272,OB,Dug Well,"WRD, Tamil Nadu",22,19.Tiruppur,Uthukuli,Uthukuli,A.Pallagoudenpalayam,,,Panchayat,,002,Noyyal,Noyyal,CNK,PE,58E8,11.2306,77.465,,,F,Monitoring,,PE,FALSE,,Opposite to Mariamman kovil,36.54000092,0.660000026,292,FALSE,,,Archaean,Pallagoundampal,,,Rural,,
61245,PZ,Bore Well,"WRD, Tamil Nadu",22,19.Tiruppur,Avinashi,Avanashi,Avinashi,,,,,,,,GGN,PE,,11.24167,77.24167,,,NF,,,PE,FALSE,,,62,0.600000024,345,FALSE,,,Archaen,Avinashi,,,,,
63231,OB,Dug Well,"WRD, Tamil Nadu",22,19.Tiruppur,Uthukuli,Uthukuli,Kunnathur,,,Panchayat Well,,002,Noyyal,Noyyal,CNK,PE,58E7,11.2724,77.4049,,,F,Monitoring,,PE,FALSE,,Inside kunnathur near police quarters,17.95000076,0.699999988,325,FALSE,,,Archaean,Kunnathur,,,Rural,,
63232,OB,Dug Well,"WRD, Tamil Nadu",22,19.Tiruppur,Uthukuli,Uthukuli,Vellaravalli,,,Panchayat,,002,Noyyal,Noyyal,CNK,PE,58E7,11.27222,77.4225,,,F,Monitoring,,PE,FALSE,,Adjacent to main road (Perundurai to Kunnathur) Near vinayakar kovil,25.29999924,0.800000012,312,FALSE,,,Archaean,Papavalasu,,,Rural,,
63323,OB,Dug Well,"WRD, Tamil Nadu",22,19.Tiruppur,Avinashi,Avanashi,Pongalur,,,Temple Well,,002,Noyyal 3,Noyyal,GGN,PE,58E03,11.29458,77.16484,,,F,Domestic,Nil,PE,FALSE,Nil,Inside the Sri Venkteswara perumal temple,29.10000038,0.75999999,365,FALSE,,,Archaean,Mondipalayam,,,Rural,,
63324,OB,Dug Well,"WRD, Tamil Nadu",22,19.Tiruppur,Avinashi,Avanashi,Thandukkarampalayam,,,Panchayat,,002,Noyyal 3,Noyyal,GGN,PE,58E03,11.2771,77.2052,,,F,Public Supply,Nil,PE,FALSE,Nil,"On the Annur -Pudur road,behind the perumal Temple in the middle of the lake",28.39999962,0.839999974,364,FALSE,,,Archaean,Tundarkarampala,,,Rural,,
63325,OB,Dug Well,"WRD, Tamil Nadu",22,19.Tiruppur,Avinashi,Avanashi,Thathanur.,,,Panchayat,,002,Bhavani 2,Bhavani,GGN,PE,58E07,11.31474,77.28652,,,F,Public Supply,Nil,PE,FALSE,Nil,Near the west Pillyar koil,16.79999924,0.850000024,333,FALSE,,,Archaean,Savakattupalaya,,,Rural,,
63328,OB,Dug Well,"WRD, Tamil Nadu",22,19.Tiruppur,Avinashi,Avanashi,Kuttagam,,,Panchayat,,002,Bhavani 2,Bhavani,GGN,PE,58E03,11.33662,77.22841,,,F,Public Supply,Nil,PE,FALSE,Nil,This village is situated nearpuliampatti main road to Mettupalayam bus stop. Well is near the Kottikattu palayam radio room.,32.70000076,0.970000029,302,FALSE,,,Archaean,Kottai Kattupal,,,Rural,,
63329,OB,Dug Well,"WRD, Tamil Nadu",22,19.Tiruppur,Avinashi,Avanashi,Thekalur,,,Public,,002,Bhavani2,Bhavani,GGN,PE,58E4,11.15243,77.21364,,,F,Domestic,Nil,PE,FALSE,Nil,Well adjoining the mariyamman koil about 200m from the East of main Road,24,0.730000019,340,FALSE,,,Archaean,Thekkalur,,,Rural,,
63330,OB,Dug Well,"WRD, Tamil Nadu",22,19.Tiruppur,Avinashi,Avanashi,Ramanatha Puram,,,Panjayat,,002,Bhavani2,Bhavani,GGN,PE,58E4,11.21866,77.15533,,,F,Domestic,Nil,PE,FALSE,Nil,Infront of Ganesh temple on the west side to the North road,40.29999924,0.810000002,360,FALSE,,,Archaean,Nariampalli,,,Rural,,
63331,OB,Dug Well,"WRD, Tamil Nadu",22,19.Tiruppur,Avinashi,Avanashi,Karuvalur,,,Public,,002,Bhavani2,Bhavani,GGN,PE,58E4,11.2125,77.1875,,,F,Domestic,Nil,PE,FALSE,Nil,In theHarijon Colony adjoining the road of near Rice mills,42,0.800000012,353,FALSE,,,Archaean,Karuvalur,,,Rural,,
63332,OB,Dug Well,"WRD, Tamil Nadu",22,19.Tiruppur,Avinashi,Avanashi,Thandukkarampalayam,,,Panjayat,,002,Bhavani2,Bhavani,GGN,PE,58E4,11.26395,77.22173,,,F,Domestic,Nil,PE,FALSE,Nil,AD colony,22.29999924,1.159999967,357,FALSE,,,Archaean,Ramaiyampalayam,,,Rural,,
63333,OB,Dug Well,"WRD, Tamil Nadu",22,19.Tiruppur,Avinashi,Avanashi,Sevur,,,Panjayat,,002,Bhavani2,Bhavani,GGN,PE,58E4,11.24706,77.23706,,,F,Domestic,Nil,PE,FALSE,Nil,North of PerumalKoil and the west of Road to Gobi,25.75,0.850000024,355,FALSE,,,Archaean,Sevur,,,Rural,,
63334,OB,Dug Well,"WRD, Tamil Nadu",22,19.Tiruppur,Avinashi,Avanashi,Avinashi,,,Highways Department,,002,Bhavani2,Bhavani,GGN,PE,58E8,11.18806,77.27167,,,F,Domestic,Nil,PE,FALSE,Nil,Near to Busstand,40.09999847,0.819999993,328,FALSE,,,Archaean,Avinashi-Tb,,,Urban,,
63335,OB,Dug Well,"WRD, Tamil Nadu",22,19.Tiruppur,Avinashi,Avanashi,Thulakkamuthur,,,Panjayat,,002,Bhavani2,Bhavani,GGN,PE,58E8,11.23613,77.31716,,,F,Domestic,Nil,PE,FALSE,Nil,Infront of mariyamman koil,31.14999962,0.800000012,349,FALSE,,,Archaean,Thulukkamuthur,,,Rural,,
63336,OB,Dug Well,"WRD, Tamil Nadu",22,19.Tiruppur,Avinashi,Avanashi,Naduvancheri,,,Panjayat,,002,Bhavani2,Bhavani,GGN,PE,58E8,11.22773,77.28219,,,F,Domestic,Nil,PE,FALSE,Nil,At about 4KM fromAvinasi towards North Near Thulukkamuthur - Sevur road,33,0.699999988,344,FALSE,,,Archaean,Naduvacheri,,,Rural,,
63337,OB,Dug Well,"WRD, Tamil Nadu",22,19.Tiruppur,Avinashi,Avanashi,Kaniyampoondi,,,Panjayat,,002,Bhavani2,Bhavani,GGN,PE,58E8,11.12904,77.28064,,,F,Domestic,Nil,PE,FALSE,Nil,Nearby PanjayatUnion School,25.39999962,0.699999988,333,FALSE,,,Archaean,Kaniyampoondi,,,Rural,,
63338,OB,Dug Well,"WRD, Tamil Nadu",22,19.Tiruppur,Avinashi,Avanashi,Kanur,,,Panjayat,,002,Bhavani2,Bhavani,GGN,PE,58E4,11.24912,77.17916,,,F,Domestic,Nil,PE,FALSE,Nil,Near the Ration Shop Milk Producer Co operative Society Building,16.70000076,0.699999988,363,FALSE,,,Archean,Kanur,,,Rural,,
63339,OB,Dug Well,"WRD, Tamil Nadu",22,19.Tiruppur,Avinashi,Avanashi,Pazhamgarai,,,Temple Well,,002,Bhavani2,Bhavani,GGN,PE,58E8,11.19917,77.30639,,,F,Domestic,Nil,PE,FALSE,Nil,Infront of Pon Solaieshwaram Alayam,33,0.5,330,FALSE,,,Archaean,Palankarai,,,Rural,,
63340,OB,Dug Well,"WRD, Tamil Nadu",22,19.Tiruppur,Avinashi,Avanashi,Punjai Thamarai Kulam,,,Panjayat,,002,Bhavani2,Bhavani,GGN,PE,58E7,11.27344,77.28079,,,F,Domestic,Nil,PE,FALSE,Nil,Near Vao office,31.20000076,0.800000012,365,FALSE,,,Archaean,Punjaithamaraik,,,Rural,,
63341,OB,Dug Well,"WRD, Tamil Nadu",22,19.Tiruppur,Avinashi,Avanashi,Ramanatha Puram,,,Panjayat,,002,Bhavani2,Bhavani,GGN,PE,58E4,11.21806,77.19013,,,F,Domestic,Nil,PE,FALSE,Nil,Opposite to the Makaliyamman Koil and Southern side of the water tank,31,0.899999976,346,FALSE,,,Archaean,Ramanathapuram,,,Rural,,
63342,OB,Dug Well,"WRD, Tamil Nadu",22,19.Tiruppur,Tiruppur South,Tiruppur,Mangalam,,,Panjayath,,002,Noyyal,Noyyal,GGN,PE,58E8,11.09479,77.2698,,,F,Domestic,Nil,PE,TRUE,Nil,South of the village and adjoining the temple and high school on the roadside,21.5,0.75,328,FALSE,,,Archean,Mangalam,,,Urban,,
63343,OB,Dug Well,"WRD, Tamil Nadu",22,19.Tiruppur,Tiruppur North,Tiruppur,Velamapalayam,,,Panjayat,,002,Noyyal,Noyyal,GGN,PE,58E8,11.15173,77.3094,,,F,Domestic,Nil,PE,FALSE,Nil,Inthe northern side of the village and adjoining the main road.,21.39999962,0.800000012,310,FALSE,,,Archean,Ammapalayam,,,Rural,,
63344,OB,Dug Well,"WRD, Tamil Nadu",22,19.Tiruppur,Avinashi,Tiruppur,Perumanallur,,,Public,,002,Noyyal,Noyyal,GGN,PE,58E8,11.20004,77.36956,,,F,Domestic,Nil,PE,FALSE,Nil,Near road bridge Coimbatore to Salem road,17.25,0.870000005,316,FALSE,,,Archean,Muthaiankinaru,,,Rural,,
63345,OB,Dug Well,"WRD, Tamil Nadu",22,19.Tiruppur,Tiruppur South,Tiruppur,Muthanampalayam,,,Panjayat,,002,Noyyal,Noyyal,GGN,PE,58E8,11.04244,77.39339,,,F,Domestic,Nil,PE,FALSE,Nil,Infront of temple side of the village,14.80000019,0.699999988,354,FALSE,,,Archean,M.Pudupalayam,,,Rural,,
63346,OB,Dug Well,"WRD, Tamil Nadu",22,19.Tiruppur,Tiruppur South,Pongalur,Nachipalayam,,,Public,,002,Noyyal,Noyyal,GGN,PE,58E8,11.08552,77.44401,,,F,Domestic,Nil,PE,FALSE,Nil,Infront of primary school at south side of the road.,28.10000038,1,297,FALSE,,,Archaean,Nachipalayam,,,Rural,,
63347,OB,Dug Well,"WRD, Tamil Nadu",22,19.Tiruppur,Tiruppur South,Tiruppur,Nallur,,,Panjayat,,002,Noyyal,Noyyal,GGN,PE,58E8,11.10146,77.39151,,,F,Domestic,Nil,PE,FALSE,Nil,Northern side of the Thiruppur and Padiyur Road,21,0.699999988,298,FALSE,,,Archean,Nallur,,,Rural,,
63348,OB,Dug Well,"WRD, Tamil Nadu",22,19.Tiruppur,Tiruppur South,Pongalur,South Avinasipalayam,,,Panjayat,,002,Amaravathi,Amaravathi,GGN,PE,58F5,10.97049,77.43511,,,F,Domestic,Nil,PE,FALSE,Nil,Leftern side of the Pillaiyar koil,11.39999962,0.649999976,336,FALSE,,,Archaean,Avinashipalayam,,,Rural,,
63349,OB,Dug Well,"WRD, Tamil Nadu",22,19.Tiruppur,Tiruppur South,Pongalur,Azhakumalai,,,Panjayat,,002,Noyyal,Noyyal,GGN,PE,58E8,11.00861,77.44111,,,F,Domestic,Nil,PE,FALSE,Nil,Near BSNL office,13,0.75,347,FALSE,,,Archaean,Alagumalai,,,Rural,,
63350,OB,Dug Well,"WRD, Tamil Nadu",22,19.Tiruppur,Tiruppur South,Tiruppur,Andipalayam,,,Panjayat,,002,Noyyal2,Noyyal,GGN,PE,58E8,11.09363,77.31496,,,F,Domestic,Nil,PE,FALSE,Nil,Right side to the Vinayagar temple,13,0.899999976,314,FALSE,,,Archaean,Andippalayam,,,Rural,,
63351,OB,Dug Well,"WRD, Tamil Nadu",22,19.Tiruppur,Tiruppur North,Tiruppur,Chettipalayam,,,Panjayat,,002,Noyyal,Noyyal,GGN,PE,58E8,11.16611,77.33417,,,F,Domestic,Nil,PE,FALSE,Nil,Chettipalayam AD Colony,23.29999924,0.5,315,FALSE,,,Archaean,Chettipalayam,,,Rural,,
63352,OB,Dug Well,"WRD, Tamil Nadu",22,19.Tiruppur,Tiruppur South,Pongalur,Ugayanur.,,,Temple Well,,002,Amaravathy1,Amaravathy,GGN,PE,58E8,11.00993,77.37367,,,F,Domestic,Nil,PE,FALSE,Nil,Opposite to mariyamman temple,23.20000076,0.600000024,369,FALSE,,,Archaean,Gurunathanpalay,,,Rural,,
63353,OB,Dug Well,"WRD, Tamil Nadu",22,19.Tiruppur,Tiruppur South,Tiruppur,Iduvai,,,Panjayat,,002,Noyyal,Noyyal,GGN,PE,58E8,11.07698,77.28806,,,F,Domestic,Nil,PE,FALSE,Nil,"Near by L&T Pump Home, Iduvoy",24.70000076,0.699999988,332,FALSE,,,Archaean,Iduvoy,,,Rural,,
63354,OB,Dug Well,"WRD, Tamil Nadu",22,19.Tiruppur,Tiruppur North,Tiruppur,Kanakampalayam,,,Panjayat,,002,Noyyal,Noyyal,GGN,PE,58E8,11.18389,77.36278,,,F,Domestic,Nil,PE,FALSE,Nil,Andipalayam AD Colony,21.5,0.600000024,322,FALSE,,,Archaean,Kanakkampalayam,,,Rural,,
63355,OB,Dug Well,"WRD, Tamil Nadu",22,19.Tiruppur,Tiruppur South,Pongalur,Kandiyankoil,,,Panjayat,,002,Amaravathy1,Amaravathy,GGN,PE,58E8,11.01389,77.46944,,,F,Domestic,Nil,PE,FALSE,Nil,Opposite of National Rural Employment Scheme Community hall,13.39999962,0.899999976,329,FALSE,,,Archaean,Kandiyankoil,,,Rural,,
63356_TPR,OB,Dug Well,"WRD, Tamil Nadu",22,19.Tiruppur,Tiruppur North,Tiruppur,Mannarai,,,Panjayat,,002,Noyyal,Noyyal,GGN,PE,58E8,11.116963,77.374131,,,F,Domestic,Nil,PE,FALSE,Nil,Opposite to mannarai Post Office,100,0.75,0,FALSE,,,Archaean,Mannarai,,,Rural,,
63357,OB,Dug Well,"WRD, Tamil Nadu",22,19.Tiruppur,Tiruppur North,Tiruppur,Nerupperichal,,,Panjayat,,002,Noyyal,Noyyal,GGN,PE,58E8,11.16102,77.37399,,,F,Domestic,Nil,PE,FALSE,Nil,neruperichal bus stop near Mariyamman koil,13,0.649999976,319,FALSE,,,Archaean,Neruperichal,,,Rural,,
63358,OB,Dug Well,"WRD, Tamil Nadu",22,19.Tiruppur,Tiruppur South,Pongalur,Thonkuttipalayam,,,Panjayat,,002,Noyyal,Noyyal,GGN,PE,58E8,11.02444,77.41444,,,F,Domestic,Nil,PE,FALSE,Nil,Near Thonguitippalayam Milk Producer co operative Society,17.60000038,0.600000024,347,FALSE,,,Archaean,Thonguttipalaya,,,Rural,,
63359,OB,Dug Well,"WRD, Tamil Nadu",22,19.Tiruppur,Avinashi,Avanashi,Velayudampalayam,,,Panjayat,,002,Amaravathy1,Amaravathy,GGN,PE,58E8,11.00361,77.43111,,,F,Domestic,Nil,PE,FALSE,Nil,Southern side of the children school,16.5,0.800000012,363,FALSE,,,Archaean,Velayuthampalay,,,Rural,,
63360,OB,Dug Well,"WRD, Tamil Nadu",22,19.Tiruppur,Avinashi,Tiruppur,Merkupathy,,,Temple Well,,002,Noiyyal,Noyyal,GGN,PE,58E3,11.26694,77.36472,,,F,Domestic,Nil,PE,FALSE,Nil,Infront of the Eshwaran koil and Co operative Bank,15.19999981,0.949999988,337,FALSE,,,Archaean,Abisekapuram,,,Rural,,
63403,OB,Dug Well,"WRD, Tamil Nadu",22,19.Tiruppur,Palladam,Palladam,Ganapathipalayam,,,Pancayat,,002,Amaravathy 2,Amaravathy,GGN,PE,58F01,10.8925,77.22222,,,F,Public Supply,,PE,FALSE,,West side of the village panchayat,26,0,387,FALSE,,,Archaean,Goundanpalayam,,,Rural,,
63405,OB,Dug Well,"WRD, Tamil Nadu",22,19.Tiruppur,Palladam,Pongalur,Vavipalayam,,,Panchayat,,002,A2,Amaravathy,GGN,PE,58F5,10.87418,77.28325,,,F,Public Supply,Nil,PE,FALSE,No,Palladam -Udumalpet Road - near Ele School.,16.70000076,0.649999976,375,FALSE,,,Archaean,Vavipalayam,,,Rural,,
63406,OB,Dug Well,"WRD, Tamil Nadu",22,19.Tiruppur,Palladam,Pongalur,A.Vadamalaipalayam,,,Panchayat,,002,Amaravathy 1,Amaravathy,GGN,PE,58F05,10.89194,77.34833,,,F,Public Supply,NilNil,PE,FALSE,No,On the South side of the village near a Banyan Tree.,16,1.059999943,370,FALSE,,,Archaean,Vadamalaivellar,,,Rural,,
63411,OB,Dug Well,"WRD, Tamil Nadu",22,19.Tiruppur,Palladam,Palladam,Puliyampatty,,,Panchayat,,002,Noyyal 3,Noyyal,GGN,PE,58F01,10.93444,77.21833,,,F,Public Supply,Nil,PE,FALSE,No,East side of the village.,13.80000019,0.75,417,FALSE,,,Archaean,Puliampatti,,,Rural,,
63413,OB,Dug Well,"WRD, Tamil Nadu",22,19.Tiruppur,Palladam,Palladam,Sitrambalam,,,Panchayat,,002,Noyyal 3,Noyyal,GGN,PE,58F05,10.93445,77.27728,,,F,Public Supply,Nil,PE,FALSE,No,Palladam - Udumalpet Raod - Near Elementary School.,7,1.059999943,410,FALSE,,,Archaean,Pulliappanpalay,,,Rural,,
63416,OB,Dug Well,"WRD, Tamil Nadu",22,19.Tiruppur,Palladam,Pongalur,V.Kallipalayam,,,Panchayat Well,,002,Amaravathy 1,Amaravathy,GGN,PE,58F05,10.9375,77.33639,,,F,Domestic,Nil,PE,FALSE,No,Near Mariamman koil,30.20000076,0.75999999,398,FALSE,,,Archaean,Thutheripalayam,,,Rural,,
63417,OB,Dug Well,"WRD, Tamil Nadu",22,19.Tiruppur,Palladam,Pongalur,Pongalur,,,Panchayat,,002,Amaravathy 1,Amaravathy,GNS,PE,58F05,10.97357,77.37065,,,F,Domestic,Nil,PE,FALSE,No,"Northern side of the Road, near the school play ground.",30.39999962,0.910000026,371,FALSE,,,Archaean,Pongalur (Schoo,,,Rural,,
63418,OB,Dug Well,"WRD, Tamil Nadu",22,19.Tiruppur,Tiruppur South,Tiruppur,Mudalipalayam,,,Panchayat,,002,Amaravathy 1,Amaravathy,GNS,PE,58F05,10.92372,77.40978,,,F,Domestic,,PE,FALSE,,On the Pollachi -Kangayem Road.,13.39999962,0.899999976,335,FALSE,,,Archaean,Semmandampalaya,,,Rural,,
63420-A,OB,Dug Well,"WRD, Tamil Nadu",22,19.Tiruppur,Tiruppur South,Pongalur,South Avinasipalayam,,,Panjayat,,002,Amaravathy1,Amaravathy,GGN,PE,58F5,10.94351,77.43909,,,F,Domestic,Nil,PE,FALSE,Nil,Near the town bus stand terminus,20.60000038,0.800000012,320,FALSE,,,Archaean,Koduvai,,,Rural,,
63421,OB,Dug Well,"WRD, Tamil Nadu",22,19.Tiruppur,Palladam,Palladam,Kodangipalayam,,,Public,,002,Noyyal,Noyyal,GNS,PE,58E4,11.01494,77.1879,,,F,Domestic,Nil,PE,FALSE,No,About 200m  form pallatam  main road( water supply  well of Kodangipalayam  village)63421,22.10000038,0.400000006,379,FALSE,,,Archaean,Karanampettai,,,Rural,,
63422,OB,Dug Well,"WRD, Tamil Nadu",22,19.Tiruppur,Palladam,Pongalur,Madampoor,,,Panchayat,,002,Noyyal,Noyyal,GNS,PE,58F5,10.97974,77.32195,,,F,Domestic,Nil,PE,FALSE,No,By  road  side  adjacent  to co-oparative Bnilding Behind Kathavelai andarvar  kovil 63422,13,0.75,379,FALSE,,,Archaean,Mathappur,,,Rural,,
63423,OB,Dug Well,"WRD, Tamil Nadu",22,19.Tiruppur,Palladam,Palladam,Puliyampatty,,,Panchayat  Police Quartes,,002,Noyyal,Noyyal,CNK,PE,58F5,10.99851,77.27199,,,F,Domestic,Nil,PE,FALSE,No,Northern   side of the CBE to tiruchi  Road,25,0.779999971,379,FALSE,,,Archaean,Palladam Anna N,,,Rural,,
63424,OB,Dug Well,"WRD, Tamil Nadu",22,19.Tiruppur,Palladam,Palladam,Annupatty,,,Panchayat,,002,Noyyal,Noyyal,CNK,PE,58F1,10.95861,77.24056,,,F,Domestic,Nil,PE,FALSE,No,PALLADAM-POLLACHI ROAD NEAR TANK OF THE VILLAGE63424,21.5,0.850000024,417,FALSE,,,Archaean,Anupatti,,,Rural,,
63425,OB,Dug Well,"WRD, Tamil Nadu",22,19.Tiruppur,Palladam,Palladam,Sitrambalam,,,Panchayat,,002,Amaravathy,Amaravathy,CNK,PE,58F2,10.95473,77.29416,,,F,Public Supply,Nil,PE,FALSE,No,Near to Sithampalampudur check dam,28.79999924,0.850000024,407,FALSE,,,Archaean,Sithampalampudu,,,Rural,,
63426,OB,Dug Well,"WRD, Tamil Nadu",22,19.Tiruppur,Palladam,Pongalur,V.Kallipalayam,,,Panchayat,,002,Amaravathy,Amaravathy,GNS,PE,58F5,10.91293,77.33344,,,F,Domestic,Nil,PE,FALSE,No,Northern side dharapuram palladam road,28.79999924,0.850000024,376,FALSE,,,Archaean,Kallipalayam,,,Rural,,
63427,OB,Dug Well,"WRD, Tamil Nadu",22,19.Tiruppur,Palladam,Pongalur,Pongalur,,,Animal Hasbandry Departme,,002,Amaravathy,Amaravathy,GNS,PE,58F5,10.97049,77.37392,,,F,Domestic,Nil,PE,FALSE,No,In the animal husbandary Compound (63427),31,0.75999999,371,FALSE,,,Archaean,Pongalur Vh,,,Rural,,
63428,OB,Dug Well,"WRD, Tamil Nadu",22,19.Tiruppur,Palladam,Pongalur,Kattur,,,Panchayat,,002,Amaravathy,Amaravathy,GNS,PE,58F5,10.9111,77.3958,,,NF,Domestic,Nil,PE,FALSE,No,In between elemantry school and ganesh temple,16,1,346,FALSE,,,Archaean,Vellanatham,,,Rural,,
63448,OB,Dug Well,"WRD, Tamil Nadu",22,19.Tiruppur,Palladam,Palladam,Samalapuram,,,Panchayat,,002,noyyal,noyyal,GNS,PE,58E4,11.07721,77.21545,,,F,Domestic,Nil,PE,FALSE,,Near kongu Ilaingar mandapam,44,0.699999988,340,FALSE,,,Archaean,Kalipalayam,,,Rural,,
63501,OB,Dug Well,"WRD, Tamil Nadu",22,19.Tiruppur,Dharapuram,Kundadam,Munduvelampatti,,,Panchayat,,002,Amaravathy,Dharapuram,GNS,PE,58E6,10.7119,77.32771,,,F,Domestic,,PE,FALSE,,oppsite to the Mariamman Koil.,24.95000076,0.910000026,337,FALSE,,,Archaean,Munduvelampatty,01-07-1971,,Rural,Every month,NO
63502,OB,Dug Well,"WRD, Tamil Nadu",22,19.Tiruppur,Dharapuram,Dharapuram,Ponnapuram,,,Panchayat,,002,Amaravathy,Dharapuram,GNS,PE,58F6,10.68565,77.35548,,,F,Public Supply,,PE,FALSE,,Very near to the overhead tank,13.75,0.910000026,345,FALSE,,,archaean,Dasarapatty,01-07-1971,,Rural,Every month,NO
63503,OB,Dug Well,"WRD, Tamil Nadu",22,19.Tiruppur,Dharapuram,Dharapuram,Ponnapuram,,,Panchayat Well,,002,Amaravathy,Dharapuram,GNS,PE,58F6,10.69777,77.39007,,,F,Public Supply,,PE,FALSE,,Southern side nearyly 100' tt the post office,21.89999962,0.829999983,329,FALSE,,,Archaean,Ponnapuram,01-07-1971,,Rural,Every month,NO
63504,OB,Dug Well,"WRD, Tamil Nadu",22,19.Tiruppur,Dharapuram,Dharapuram,Chinnaputhur,,,Panchayat Well,,002,Amaravathy,Dharapuram,GNS,PE,58F6,10.72278,77.45893,,,F,Public Supply,,PE,FALSE,,Towards north from main road,12.69999981,0.910000026,287,FALSE,,,Archaean,Reddipalayam,01-07-1971,,Rural,Every month,NO
63505,OB,Dug Well,"WRD, Tamil Nadu",22,19.Tiruppur,Dharapuram,Dharapuram,Thalavai Pattinam,,,P.w.d well,,002,Amaravathy,Dharapuram,GNS,PE,58F6,10.67183,77.48086,,,F,Domestic,,PE,FALSE,,Behind govt high school Inside pwd staff quarters.,12.14999962,0.810000002,264,FALSE,,,Archaean,Dalavaypattinam,01-07-1971,,Rural,Every month,NO
63506,OB,Dug Well,"WRD, Tamil Nadu",22,19.Tiruppur,Dharapuram,Dharapuram,Dharapuram North,,,Panchayat,,002,Amaravathy,Dharapuram,GNS,PE,58F10,10.73194,77.52592,,,F,Domestic,,PE,FALSE,,Near Police station inside police quarters compound,11.75,0.660000026,260,FALSE,,,Archaean,Dharapuram,01-07-1971,,Rural,Every month,NO
63514,OB,Dug Well,"WRD, Tamil Nadu",22,19.Tiruppur,Dharapuram,Dharapuram,Suriyanallur,,,Panchayat,,002,Amaravathy,Kundadam,GNS,PE,58F5,10.82061,77.47776,,,NF,Domestic,,PE,FALSE,,In front of Panchayat Union Elementary school.,21.39999962,0.75999999,283,FALSE,,,Archaean,Suriyanallur,01-07-1971,,Rural,Every month,NO
63515,OB,Dug Well,"WRD, Tamil Nadu",22,19.Tiruppur,Dharapuram,Dharapuram,Dharapuram North,,,Panchayat,,002,Amaravathy,Dharapuram,GNS,PE,58F6,10.776,77.49903,,,F,Domestic,,PE,FALSE,,Behind Mariamman Koil.,13,0.75999999,250,FALSE,,,Archaean,Varapalayam,01-07-1971,,Rural,Every month,NO
63516,OB,Dug Well,"WRD, Tamil Nadu",22,19.Tiruppur,Dharapuram,Dharapuram,Kannivadi,,,Private,,002,Amaravathy,Dharapuram,GGN,PE,58F9,10.78458,77.52783,,,F,Domestic,,PE,FALSE,,Nearer to the Km stone on Dharapuram to Erode Main road.,10.39999962,0.810000002,241,FALSE,,,Archaenan,Pallapalayam,01-07-1971,,Rural,Every month,NO
63517,OB,Dug Well,"WRD, Tamil Nadu",22,19.Tiruppur,Dharapuram,Dharapuram,Kolathupalayam,,,Panchayat,,002,Amaravathy,Dharapuram,GNS,PE,58F9,10.75905,77.58408,,,F,Domestic,,PE,FALSE,,Nearly a farlong in Southern side of main road near hospital.,21.79999924,1.059999943,238,FALSE,,,Archaean,Kulathupalayam,01-07-1971,,Rural,Every month,NO
63518,OB,Dug Well,"WRD, Tamil Nadu",22,19.Tiruppur,Dharapuram,Dharapuram,Shangarandampalayam,,,Panchayat,,002,Amaravathy,Mulanur,GNS,PE,58F9,10.83267,77.58672,,,F,Public Supply,,PE,FALSE,,Infront of the Bus stop.,17.60000038,0.75999999,225,FALSE,,,Archaean,S.K.Palayam,01-07-1971,,Rural,Every month,NO
63519,OB,Dug Well,"WRD, Tamil Nadu",22,19.Tiruppur,Dharapuram,Dharapuram,Peramiyam,,,Panchayat,,002,Amaravathy,Dharapuram,GNS,PE,58F9,10.8148,77.62872,,,F,Public Supply,,PE,FALSE,,In front of the church,16.29999924,0.75999999,227,FALSE,,,Archaean,Peranium,01-07-1971,,Rural,Every month,NO
63520,OB,Dug Well,"WRD, Tamil Nadu",22,19.Tiruppur,Dharapuram,Dharapuram,Ponnivadi,,,Panchayat,,002,Amaravathy,Dharapuram,GNS,PE,58F9,10.76789,77.66659,,,F,Domestic,,PE,FALSE,,Behind the Elementry school.,11.69999981,0.75999999,256,FALSE,,,Archaean,Polarai,01-07-1971,,Rural,Every month,NO
63528,OB,Dug Well,"WRD, Tamil Nadu",22,19.Tiruppur,Dharapuram,Mulanur,Kasilingam Palayam,,,Panchayat,,002,Amaravathy,Kundadam,GNS,PE,58F5,10.84509,77.30409,,,F,Public Supply,,PE,FALSE,,Near the Mariamman temple.,19.29999924,0.910000026,342,FALSE,,,Archaean,Kasilingampalay,01-07-1971,,Rural,Every month,NO
63529,OB,Dug Well,"WRD, Tamil Nadu",22,19.Tiruppur,Dharapuram,Mulanur,Nanthavanampalayam,,,Panchayat,,002,Amaravathy,Kundadam,GGN,PE,58F5,10.82665,77.37188,,,F,Public Supply,,PE,FALSE,,In front of the Elementary school.,6.5,0.839999974,298,FALSE,,,Archaean,N.V.Palayam,01-07-1971,,Rural,Every month,NO
63530,OB,Dug Well,"WRD, Tamil Nadu",22,19.Tiruppur,Dharapuram,Kundadam,Kundadam,,,Private,,002,Amaravathy,Kundadam,GGN,PE,58F5,10.84824,77.4471,,,F,Public Supply,,PE,FALSE,,Southern side of vaduganathan koil.,16.25,0.460000008,303,FALSE,,,Archaean,Kundadam,01-07-1971,,Rural,Every month,NO
63531,OB,Dug Well,"WRD, Tamil Nadu",22,19.Tiruppur,Dharapuram,Kundadam,Kundadam,,,Panchayat,,002,Amaravathy,Kundadam,GNS,PE,58F5,10.88295,77.49081,,,F,Domestic,,PE,FALSE,,Eastern side of the Muthappa chettiar high school infront of the temple,14.65999985,0.839999974,293,FALSE,,,Archaean,Dayampalayam,01-07-1971,,Rural,Every month,NO
63532,OB,Dug Well,"WRD, Tamil Nadu",22,19.Tiruppur,Dharapuram,Kundadam,Kundadam,,,Panchayat,,002,Amaravathy,Dharapuram,GNS,PE,58F9,10.89414,77.52613,,,F,Domestic,,PE,FALSE,,Western side of the Vinayakar koil.,14,0.75999999,286,FALSE,,,Archaean,Uthiyur,01-07-1971,,Rural,,No
63533,OB,Dug Well,"WRD, Tamil Nadu",22,19.Tiruppur,Dharapuram,Kundadam,Chirukinar,,,Panchayat,,002,Amaravathy,Kundadam,GNS,PE,58F9,10.83892,77.54742,,,F,Public Supply,,PE,FALSE,,Western side of  the Vinayagar koil .,16.75,0.839999974,250,FALSE,,,Archaean,Sinukinaru,01-07-1971,,Rural,Every month,NO
63534,OB,Dug Well,"WRD, Tamil Nadu",22,19.Tiruppur,Kangeyam,Kundadam,Kampuliampatti,,,Panchayat,,002,Amaravathy,Kundadam,GNS,PE,58F9,10.87799,77.60112,,,F,Public Supply,,PE,FALSE,,Eastern side of the Meca road.,10.10000038,1.220000029,217,FALSE,,,Archaean,Anaipalayam,01-07-1971,,Rural,,No
63542,OB,Dug Well,"WRD, Tamil Nadu",22,19.Tiruppur,Kangeyam,Vellakoil,Vellakoil,,,Panchayat,,002,Amaravathy,Vellakoil,GNS,PE,58F9,10.94583,77.71594,,,F,Domestic,,PE,FALSE,,Inside Elementary School,19.79999924,0.790000021,235,FALSE,,,Archaean,Vellakoil,,,Rural,,
63543,OB,Dug Well,"WRD, Tamil Nadu",22,19.Tiruppur,Dharapuram,Mulanur,Shangarandampalayam,,,public,,002,Amaravathi,Dharapuram,GNS,PE,58F10,10.84096,77.63435,,,F,Domestic,,PE,FALSE,,In center of vilage,48.59999847,0.839999974,229,FALSE,,,Archaean,Puliyampatti,01-10-2011,,Rural,Every month,No
63544,OB,Dug Well,"WRD, Tamil Nadu",22,19.Tiruppur,Dharapuram,Mulanur,Moolanur,,,Public,,002,Amaravathi,Moolanur,GNS,PE,58F10,10.83142,77.72085,,,F,Domestic,,PE,FALSE,,In center of village,14.94999981,0.949999988,203,FALSE,,,Archaean,Nattarmangalam,02-10-2011,,Rural,Every month,NO
63545,OB,Dug Well,"WRD, Tamil Nadu",22,19.Tiruppur,Dharapuram,Dharapuram,Manakkadvu,,,Public,,002,Amaravathi,Dharapuram,GNS,PE,58F10,10.70851,77.5549,,,F,Domestic,,PE,FALSE,,In centre of village,14.60000038,0.680000007,266,FALSE,,,Archaean,Mangalampalayam,03-10-2011,,Rural,Every month,NO
63546,OB,Dug Well,"WRD, Tamil Nadu",22,19.Tiruppur,Dharapuram,Dharapuram,Chinnakkampalayam,,,Public,,002,Amaravathy,Kundadam,GNS,PE,58F01,10.70596,77.45817,,,F,Domestic,,PE,FALSE,,In centre of village,24.29999924,0.720000029,294,FALSE,,,Archean,Chinnkampalayam,04-10-2011,,Rural,Every month,NO
63547,OB,Dug Well,"WRD, Tamil Nadu",22,19.Tiruppur,Dharapuram,Dharapuram,Shangarandampalayam,,,Public,,002,Amaravathi,Dharapuram,GNS,PE,58F5,10.80468,77.5571,,,F,Domestic,,PE,FALSE,,Back side of vao office,22.25,0.680000007,237,FALSE,,,Archaean,Kullakalipalaya,04-10-2011,,Rural,Every month,NO
63548,OB,Dug Well,"WRD, Tamil Nadu",22,19.Tiruppur,Dharapuram,Mulanur,Ponnivadi,,,Public,,002,Amaravathi,Dharapuram,GNS,PE,58F9,10.7209,77.65822,,,F,Domestic,,PE,FALSE,,Right side of the village name bord,16.95000076,0.870000005,276,FALSE,,,Archaean,Utchanavalasu,04-10-2011,,Rural,Every Month,NO
63556,OB,Dug Well,"WRD, Tamil Nadu",22,19.Tiruppur,Dharapuram,Kundadam,Kokkampalayam,,,Public,,002,Amaravathi,Kundadam,GNS,PE,58F5,10.893929,77.410209,,,F,Domestic,,PE,FALSE,,In the middle of village,13.69999981,0.800000012,349,FALSE,,,Archean,Kokkampalayam,25-04-2003,,Rural,Every month,NO
63557,OB,Dug Well,"WRD, Tamil Nadu",22,19.Tiruppur,Dharapuram,Kundadam,Kannankovil,,,Public,,002,Amaravathi,Kundadam,GNS,PE,58F5,10.82074,77.50651,,,F,Domestic,,PE,FALSE,,Back side of primary school,25.70000076,0.920000017,277,FALSE,,,Archean,Kannankoil,25-04-2003,,Rural,Every month,NO
63558,OB,Dug Well,"WRD, Tamil Nadu",22,19.Tiruppur,Dharapuram,Kundadam,Kokkampalayam,,,Public,,002,Amaravathi,Kundadam,Gns,PE,58F5,10.85674,77.40786,,,F,Domestic,,PE,FALSE,,In the middle of the village,13.22000027,0.899999976,320,FALSE,,,Archean,Ganapathipalaya,25-04-2003,,Rural,Every month,NO
63559,OB,Dug Well,"WRD, Tamil Nadu",22,19.Tiruppur,Dharapuram,Mulanur,Kilangundal,,,Publoc,,002,Amaravathi,Moolanur,GNS,PE,58F9,10.66746,77.73678,,,F,Domestic,,PE,FALSE,,In middle of village,23.39999962,1.100000024,287,FALSE,,,Archean,Ramapattinam,24-04-2003,,Rural,Every month,NO
63560,OB,Dug Well,"WRD, Tamil Nadu",22,19.Tiruppur,Kangeyam,Kangayam,Veeranampalayam,,,Public,,002,Amaravathi,Kangeyam,GNS,PE,58F9,10.98416,77.59145,,,F,Public Supply,,PE,FALSE,,Veeranampalayam(R),20.64999962,0.899999976,285,FALSE,,,Archean,Veeranampalayam,01-10-2011,,Rural,,No
63561,OB,Dug Well,"WRD, Tamil Nadu",22,19.Tiruppur,Kangeyam,Kangayam,Nathakadiyur,,,Public,,002,Amaravathi,Kangeyam,GNS,PE,58F9,11.06164,77.66885,,,F,Public Supply,,PE,FALSE,,In front of vinayagar temple,14.93000031,0.899999976,242,FALSE,,,Archean,Melapalayam,02-10-2011,,Rural,,NO
63562,OB,Dug Well,"WRD, Tamil Nadu",22,19.Tiruppur,Kangeyam,Kangayam,Sivanmalai,,,Public,,002,Amaravathi,Kangeyam,GNS,pe,58F9,11.02923,77.52945,,,F,Domestic,,PE,FALSE,,Left side of the mariyamman temple,21.12000084,0.800000012,304,FALSE,,,Archean,Erukkalankattup,02-10-2011,,Rural,,NO
63570,OB,Dug Well,"WRD, Tamil Nadu",22,19.Tiruppur,Kangeyam,Kangayam,Nathakadiyur,,,Public,,002,Amaravathi,Kangeyam,GNS,PE,58E12,11.05479,77.6171,,,F,Domestic,,PE,FALSE,,In front of kaliyamman temple,23.10000038,0.779999971,265,FALSE,,,Archean,Maranampalayam,25-04-2003,,Rural,,NO
63571,OB,Dug Well,"WRD, Tamil Nadu",22,19.Tiruppur,Kangeyam,Kangayam,Kangeyam,,,Public,,002,Amaravathi,Kangeyam,GNS,PE,58E12,11.07291,77.60639,,,F,Domestic,,PE,FALSE,,On road side near 10/4 KM Stone,24.10000038,0.879999995,255,FALSE,,,Archean,Vavipalayam,25-04-2003,,Rural,,NO
63572,OB,Dug Well,"WRD, Tamil Nadu",22,19.Tiruppur,Kangeyam,Vellakoil,Vellakoil,,,Panchayat,,002,Amaravathi,Vellakovil,GNS,PE,58E12,11.02578,77.67173,,,F,Domestic,,PE,FALSE,,In front of elementry school,21.39999962,0.75,247,FALSE,,,Archean,Chettipalayam,25-04-2003,,Rural,,NO
63573,OB,Dug Well,"WRD, Tamil Nadu",22,19.Tiruppur,Kangeyam,Vellakoil,Muthur,,,Panchayat,,002,Amaravathi,Vellakovil,GNS,PE,58E12,11.04482,77.73538,,,F,Domestic,,PE,FALSE,,Inside of the panchayat offoce,26.29999924,0.810000002,206,FALSE,,,archean,Muthur,24-04-2003,,Rural,,NO
63574,OB,Dug Well,"WRD, Tamil Nadu",22,19.Tiruppur,Kangeyam,Vellakoil,Muthur,,,Panchayat,,002,Amaravathi,Vellakovil,GNS,PE,58E12,11.07805,77.74273,,,F,Domestic,,PE,FALSE,,In the harijana colony,9.949999809,0.939999998,190,FALSE,,,Archean,Velayuthampalay,24-04-2003,,Rural,,no
63575,OB,Dug Well,"WRD, Tamil Nadu",22,19.Tiruppur,Kangeyam,Kangayam,Mettupalayam,,,Panchayat,,002,Amaravathi,Vellakovil,GNS,PE,58F9,11.07,77.81111,,,NF,Domestic,,PE,FALSE,,On the road side mariyamman temple,17.60000038,0.680000007,162,FALSE,,,Archean,Manthapuram,24-04-2003,,Rural,,NO
63576,OB,Dug Well,"WRD, Tamil Nadu",22,19.Tiruppur,Kangeyam,Kangayam,Sivanmalai,,,Panchayat,,002,Amaravathi,Kangeyam,Cha,PE,58E12,11.03246,77.53673,,,F,Domestic,,PE,FALSE,,NEAR Sivanmalai kovil sangam,28.95000076,0.850000024,323,FALSE,,,Archean,Sivanmalai,27-04-2003,,Rural,,NO
63584,OB,Dug Well,"WRD, Tamil Nadu",22,19.Tiruppur,Kangeyam,Kangayam,Alambadi,,,Panchayat,,002,Amaravathi,Kangeyam,GNS,PE,58F9,10.92138,77.59804,,,F,Domestic,,PE,FALSE,,In front of pillayar kovil,17.64999962,0.730000019,248,FALSE,,,Archean,Puvanallur,24-04-2003,,Rural,,NO
63585,OB,Dug Well,"WRD, Tamil Nadu",22,19.Tiruppur,Kangeyam,Vellakoil,Vellakoil,,,Panchayat,,002,Amaravathi,Vellaovil,GNS,PE,58F9,10.93659,77.65285,,,NF,Domestic,,PE,FALSE,,In front of mariyamman kovil,26.60000038,0.870000005,242,FALSE,,,Archean,Selambakavundan,24-04-2003,,Rural,,NO
63586,OB,Dug Well,"WRD, Tamil Nadu",22,19.Tiruppur,Kangeyam,Vellakoil,Uthama Palayam,,,Panchayat,,002,Amaravathi,Vellakovil,GNS,PE,58F9,10.91681,77.68485,,,F,Domestic,,PE,FALSE,,Near palaniandavar kovil,18.20000076,0.769999981,232,FALSE,,,Archean,Pachakavandan V,24-04-2003,,Rural,,NO
63587,OB,Dug Well,"WRD, Tamil Nadu",22,19.Tiruppur,Kangeyam,Kangayam,Uthama Palayam,,,Panchayat,,002,Amaravathi,Vellakovil,GNS,PE,58F9,10.89728,77.67103,,,F,Domestic,,PE,FALSE,,In front of kamachiamman kovil,25.17000008,0.870000005,215,FALSE,,,Archean,Thasanaickenpat,24-04-2003,,Rural,,NO
63588,OB,Dug Well,"WRD, Tamil Nadu",22,19.Tiruppur,Kangeyam,Vellakoil,Vellakoil,,,Panchayat,,002,Amaravathi,Vellakovil,GNS,PE,58F9,10.88819,77.71946,,,F,Domestic,,pe,FALSE,,Near animal husbensery Building,23.06999969,0.850000024,193,FALSE,,,Archean,Subramaiankavun,24-04-2003,,Rural,,NO
63589,OB,Dug Well,"WRD, Tamil Nadu",22,19.Tiruppur,Kangeyam,Kangayam,Padiyur,,,panchayat,,002,Amaravathi,Kangeyam,GNS,PE,58E13,11.08675,77.4757,,,F,Domestic,,PE,FALSE,,LEFT SIDE OF THE KANGEYAN UTHUKULI MAIN ROAD,22.70000076,0.899999976,284,FALSE,,,Archean,Sivagiripudur,24-04-2003,,Rural,,No
63590,OB,Dug Well,"WRD, Tamil Nadu",22,19.Tiruppur,Kangeyam,Vellakoil,Vellakoil,,,Panchayat,,002,Amaravathi,Vellakovil,GNS,PE,58F9,10.98688,77.69118,,,F,Domestic,,PE,FALSE,,in the middle of village,23.14999962,0.800000012,250,FALSE,,,Archean,Veppampalayam,24-04-2003,,Rural,,NO
63429-A,OB,Dug Well,"WRD, Tamil Nadu",22,19.Tiruppur,Palladam,Palladam,Ganapathipalayam,,,Panchayat,,002,amaravathy,amaravathy,GNS,PE,58E8,11.03495,77.33849,,,F,Domestic,Nil,PE,FALSE,No,AD Colony,16.70000076,0.800000012,347,FALSE,,,Archaean,Ganapathipalaya,,,Rural,,
63430,OB,Dug Well,"WRD, Tamil Nadu",22,19.Tiruppur,Palladam,Palladam,Karaipudur,,,Panchayat,,002,Noyyal,Noyyal,CNK,PE,58E8,11.05655,77.30931,,,F,Domestic,Nil,PE,FALSE,No,AD COLONY AT CHINNAKARAI,15,0.699999988,327,FALSE,,,Archaean,Chinnakarai,,,Rural,,
63431,OB,Dug Well,"WRD, Tamil Nadu",22,19.Tiruppur,Palladam,Pongalur,Thethanur,,,Panchayat,,002,Amaravathy,Amaravathy,GNS,PE,58F5,10.915,77.26361,,,F,Domestic,Nil,PE,FALSE,No,BACK SIDE OF THE GOVT HR.SEC.SCHOOL AND MILK PRODUCER CO-OP.SOCITY BUILDING,32,0.5,403,FALSE,,,Archaean,Kethanur,,,Rural,,
63432,OB,Dug Well,"WRD, Tamil Nadu",22,19.Tiruppur,Palladam,Palladam,Kodangipalayam,,,Temple Well,,002,Noyyal,Noyyal,GNS,PE,58E8,11.02083,77.20916,,,F,Monitoring,Nil,PE,FALSE,No,INFRONT OF TEMPLE,16.70000076,0.800000012,384,FALSE,,,Archaean,Kodengipalayam,,,Rural,,
63433,OB,Dug Well,"WRD, Tamil Nadu",22,19.Tiruppur,Palladam,Palladam,Naranapuram,,,Panchayat,,002,Noyyal,Noyyal,GNS,PE,58E8,11.02731,77.29169,,,F,Domestic,Nil,PE,FALSE,No,OPPOSITE TO TELC PRIMARY SCHOOL,17.60000038,0.860000014,352,FALSE,,,Archaean,Naranapuram,,,Rural,,
63434,OB,Dug Well,"WRD, Tamil Nadu",22,19.Tiruppur,Palladam,Palladam,Sukkampalayam,,,Panchayat,,002,Amaravathy,Amaravathy,GNS,PE,58E8,11.03721,77.24606,,,F,Domestic,Nil,PE,FALSE,No,NEAR SUBKAMPALAYAM WATER TANK,21,0.800000012,363,FALSE,,,Archaean,Unjapalayam,,,Rural,,
63435,OB,Dug Well,"WRD, Tamil Nadu",22,19.Tiruppur,Palladam,Palladam,Velampalayam,,,Panchayat,,002,Noyyal,Noyyal,GNS,PE,58E8,11.05888,77.26602,,,F,Domestic,Nil,PE,FALSE,No,NEAR BY VAO OFFICE,26.60000038,0.699999988,348,FALSE,,,Archaean,63 Velampalayam,,,Rural,,
63507,OB,Dug Well,"WRD, Tamil Nadu",22,19.Tiruppur,Dharapuram,Dharapuram,Manakkadvu,,,Panchayat,,002,Amaravathy,Dharapuram,GNS,PE,58F10,10.70143,77.64409,,,F,Domestic,,PE,FALSE,,Nearly 100 yards towards south of Post office Inside the compound.,13.60000038,0.839999974,270,FALSE,,,Archaean,Manakkadavu,01-07-1971,,Rural,Every month,NO
63508,OB,Dug Well,"WRD, Tamil Nadu",22,19.Tiruppur,Dharapuram,Dharapuram,Ponnivadi,,,Panchayat,,002,Amaravathy,Dharapuram,GNS,PE,58F10,10.70381,77.59656,,,F,Domestic,,PE,FALSE,,Western side of the village near the tank,16.45000076,1.059999943,251,FALSE,,,Archaean,Koneripatti,01-07-1971,,Rural,Every month,NO
63509,OB,Dug Well,"WRD, Tamil Nadu",22,19.Tiruppur,Dharapuram,Dharapuram,Ponnivadi,,,Panchayat,,002,Amaravathy,Dharapuram,GNS,PE,58F10,10.70138,77.64404,,,F,Domestic,,PE,FALSE,,Near the Harijans Satram.,18,0.75999999,270,FALSE,,,Archaean,Ponnivadi,01-07-1971,,Rural,Every month,NO
63510,OB,Dug Well,"WRD, Tamil Nadu",22,19.Tiruppur,Dharapuram,Kundadam,Periya Kumarapalayam,,,Panchayat,,002,Amaravathy,Kundadam,GNS,PE,58F5,10.77362,77.31451,,,F,Domestic,,PE,FALSE,,In front of the Panchayat office.,17.20000076,0.910000026,309,FALSE,,,Archaean,P.K.Palayam,01-07-1971,,Rural,Every month,NO
63511,OB,Dug Well,"WRD, Tamil Nadu",22,19.Tiruppur,Dharapuram,Dharapuram,Maruthur,,,Panchayat,,002,Amaravathy,Dharapuram,GNS,PE,58F5,10.76519,77.37599,,,F,Domestic,,PE,FALSE,,In front of the elementry school.,21.5,0.829999983,290,FALSE,,,Archaean,Marudur,01-07-1971,,Rural,Every month,NO
63512,OB,Dug Well,"WRD, Tamil Nadu",22,19.Tiruppur,Dharapuram,Dharapuram,Kundadam,,,Panchayat,,002,Amaravathy,Kundadam,GNS,PE,58F2,10.80413,77.37722,,,F,Domestic,,PE,FALSE,,In front of the home of Rengatiponnusamy.,28.79999924,0.75999999,330,FALSE,,,Archaean,Sadayapalayam,01-07-1971,,Rural,Every month,NO
63513,OB,Dug Well,"WRD, Tamil Nadu",22,19.Tiruppur,Dharapuram,Dharapuram,Kethalrev,,,Panchayat,,002,Amaravathy,Dharapuram,GNS,PE,58F5,10.77481,77.45289,,,F,Domestic,,PE,FALSE,,Nearer to the Elementary School on poolavadi to Dharapuram Road.,28.10000038,0.75999999,265,FALSE,,,Archean,Rangampalayam,01-07-1971,,Rural,Every month,NO
63521,OB,Dug Well,"WRD, Tamil Nadu",22,19.Tiruppur,Dharapuram,Dharapuram,Dhurampadi,,,Panchayat,,002,Amaravathy,Mulanur,GNS,PE,58F9,10.82773,77.67694,,,F,Public Supply,,PE,FALSE,,Near the Harijan shed area.,14.30000019,0.75999999,215,FALSE,,,Archaean,Nattapalayam,01-07-1971,,Rural,Every month,NO
63522,OB,Dug Well,"WRD, Tamil Nadu",22,19.Tiruppur,Dharapuram,Mulanur,Moolanur,,,Panchayat,,002,Amaravathy,Mulanur,GNS,PE,58F9,10.79232,77.70758,,,F,Public Supply,,PE,FALSE,,Inside the Panchayat Union compound .,31.10000038,0.75999999,223,FALSE,,,Archaean,Moolanur,01-07-1971,,Rural,Every month,NO
63523,OB,Dug Well,"WRD, Tamil Nadu",22,19.Tiruppur,Dharapuram,Mulanur,Kilangundal,,,Panchayat,,002,Amaravathy,Mulanur,GNS,PE,58F9,10.756,77.72662,,,F,Public Supply,,PE,FALSE,,In front of the Ele. School near the Society Bank.,14.19999981,0.75999999,239,FALSE,,,Archaean,Kilankundal,01-07-1971,,Rural,Every month,NO
63524,OB,Dug Well,"WRD, Tamil Nadu",22,19.Tiruppur,Dharapuram,Mulanur,Kilangundal,,,Panchayat,,002,Amaravathy,Mulanur,GNS,PE,58F13,10.76258,77.78167,,,F,Public Supply,,PE,FALSE,,Northern side of the village in front of the school,16.39999962,0.899999976,213,FALSE,,,Archean,Uppukarai,01-07-1971,,Rural,Every month,NO
63525,OB,Dug Well,"WRD, Tamil Nadu",22,19.Tiruppur,Dharapuram,Mulanur,Kannivadi,,,Pancahyat,,002,Amaravathy,Mulanur,GNS,PE,58F13,10.81267,77.78438,,,F,Public Supply,,PE,FALSE,,Northern side of the main road in front of the church,28.20000076,0.75999999,201,FALSE,,,Archean,Kannivadi,01-07-1971,,Rural,Every month,NO
63526,OB,Dug Well,"WRD, Tamil Nadu",22,19.Tiruppur,Dharapuram,Mulanur,Velamboondi,,,Panchayat,,002,Amaravathy,Mulanur,GNS,PE,58F13,10.83547,77.83507,,,F,Public Supply,,PE,FALSE,,Near the Elementary school.,7,0.839999974,175,FALSE,,,Archaean,Nanjaikalipalay,01-07-1971,,Rural,Every month,NO
63527,OB,Dug Well,"WRD, Tamil Nadu",22,19.Tiruppur,Dharapuram,Mulanur,Velamboondi,,,Panchayat,,002,Amaravathy,Mulanur,GNS,PE,58F13,10.79787,77.85549,,,F,Public Supply,,PE,FALSE,,On the way to the perumal valasu road.,18.89999962,0.75999999,165,FALSE,,,Archean,Malamedu,01-07-1971,,Rural,Every month,NO
63535,OB,Dug Well,"WRD, Tamil Nadu",22,19.Tiruppur,Kangeyam,Vellakoil,Lakkamanayakkanpatty,,,Private,,002,Amaravathy,Vellakoil,CNK,PE,58F9,10.86871,77.6525,,,F,Domestic,,PE,FALSE,,Andipalayam VM's House.,9.449999809,0.529999971,204,FALSE,,,Archaean,Andipalayam,01-07-1971,,Rural,,No
63536,OB,Dug Well,"WRD, Tamil Nadu",22,19.Tiruppur,Dharapuram,Vellakoil,Ericinampalayam,,,Panchayat,,002,Amaravathy,Vellakoil,GGN,PE,58F9,10.84341,77.7425,,,F,Domestic,,PE,FALSE,,Nalroad which is vellakoil-Mulanur Road. Two miles from nal road.opp to Higher Elementary school.,24.95000076,0.610000014,204,FALSE,,,Archaean,Erichinampalaya,01-07-1971,,Rural,Every month,NO
63537,OB,Dug Well,"WRD, Tamil Nadu",22,19.Tiruppur,Dharapuram,Vellakoil,Senathipathypalayam,,,Panchayat,,002,Amaravathy,Vellakoil,GNS,PE,58F9,10.90551,77.74536,,,F,Domestic,,PE,FALSE,,Near the Panchayat Union School.,19.60000038,0.790000021,203,FALSE,,,Archaean,Muthunaickken V,01-07-1971,,Rural,,No
63538,OB,Dug Well,"WRD, Tamil Nadu",22,19.Tiruppur,Dharapuram,Mulanur,Punjaithalaiyur,,,Public,,002,Amaravathi,Vellakoil,GNS,PE,58F13,10.85449,77.80686,,,F,Domestic,,PE,FALSE,,Inside the High School compound.,12.25,0.839999974,185,FALSE,,,Archaean,Punjathalaiyur,,,Rural,,
63539,OB,Dug Well,"WRD, Tamil Nadu",22,19.Tiruppur,Kangeyam,Kangayam,Nelali,,,Panchayat,,002,Amaravathy,Mulanur,GNS,PE,58F5,10.92137,77.45173,,,F,Public Supply,,PE,FALSE,,Near the elementarySchool,19.42000008,0.899999976,312,FALSE,,,Archaean,Nathamvalasu,27-07-1971,,Rural,,No
63540,OB,Dug Well,"WRD, Tamil Nadu",22,19.Tiruppur,Kangeyam,Kangayam,Kadayur,,,Koil Well,,002,Amaravathy,Kangeyam,GNS,PE,58F9,10.98696,77.51771,,,F,Domestic,,PE,FALSE,,Alammuramman Koil.,6.860000134,0.790000021,308,FALSE,,,Archaean,Kadaiyur,01-01-6435,,Rural,,No
63541,OB,Dug Well,"WRD, Tamil Nadu",22,19.Tiruppur,Kangeyam,Kangayam,Uthama Palayam,,,Panchayat,,002,Amaravathy,Kankeyam,CNK,PE,58F9,10.9623,77.64641,,,F,Domestic,,PE,FALSE,,Near the Panchayat Union Elementary School.,21.29999924,0.689999998,258,FALSE,,,Archaean,Olapalayam,01-07-1971,,Rural,,No
63549,OB,Dug Well,"WRD, Tamil Nadu",22,19.Tiruppur,Dharapuram,Kundadam,Maruthur,,,Public,,002,Amaravathi,Dharapuram,GNS,PE,58F5,10.76812,77.40911,,,F,Domestic,,PE,FALSE,,In centre of village,17.54999924,0.819999993,294,FALSE,,,Archaean,Chinnamolarpatt,05-10-2011,,Rural,Every month,NO
63550,OB,Dug Well,"WRD, Tamil Nadu",22,19.Tiruppur,Dharapuram,Mulanur,Kilangundal,,,Public,,002,Amaravathi,Moolanur,GNS,PE,58F9,10.67654,77.74214,,,F,Domestic,,PE,FALSE,,left side and end of the village,18.95999908,0.899999976,277,FALSE,,,Archaean,Silukkanaickenp,05-10-2011,,Rural,Every Month,NO
63551,OB,Dug Well,"WRD, Tamil Nadu",22,19.Tiruppur,Dharapuram,Dharapuram,Kolathupalayam,,,Public,,002,Amaravathi,Dharapuram,GNS,PE,58F9,10.77878,77.59166,,,F,Domestic,,PE,FALSE,,Near the elementary School,8.369999886,0.800000012,229,FALSE,,,Archean,Karuppampalayam,24-04-2003,,Rural,Every month,NO
63552,OB,Dug Well,"WRD, Tamil Nadu",22,19.Tiruppur,Dharapuram,Dharapuram,Kolathupalayam,,,Public,,002,Amaravathi,Dharapuram,GNS,PE,58F9,10.73944,77.63943,,,F,Domestic,,PE,FALSE,,In center of village,17.89999962,1.049999952,275,FALSE,,,Archean,Sri Rangakavund,24-04-2004,,Rural,Every month,NO
63553,OB,Dug Well,"WRD, Tamil Nadu",22,19.Tiruppur,Dharapuram,Dharapuram,Munduvelampatti,,,Public,,002,Amaravathi,Dharapuram,GNS,PE,58E6,10.75238,77.34223,,,F,Domestic,,PE,FALSE,,In front of Sivan kovil,15.89999962,1.399999976,299,FALSE,,,Archean,Nallur,24-04-2003,,Rural,Every month,NO
63554,OB,Dug Well,"WRD, Tamil Nadu",22,19.Tiruppur,Dharapuram,Dharapuram,Dharapuram North,,,Public,,002,Amaravathi,Dharapuram,GNS,PE,58F6,10.63285,77.41998,,,F,Domestic,,PE,FALSE,,"Near OHT, AWAY FROM THE AD COLONY",48.09999847,0.800000012,281,FALSE,,,Archean,Kangeyanpalayam,25-04-2003,,Rural,Every month,NO
63555,OB,Dug Well,"WRD, Tamil Nadu",22,19.Tiruppur,Dharapuram,Dharapuram,Utthappalayam,,,Public,,002,Amaravathi,Dharapuram,GNS,PE,58F10,10.63393,77.53786,,,F,Domestic,,PE,FALSE,,Adjacent to Dharapuram palani main road,48.09999847,1,283,FALSE,,,Archean,Dhasavanaickenp,25-04-2003,,Rural,Every month,NO
63563,OB,Dug Well,"WRD, Tamil Nadu",22,19.Tiruppur,Kangeyam,Kangayam,Lakkamanayakkanpatty,,,Public,,002,Amaravathi,Vellakovil,GNS,PE,58F9,10.89626,77.64384,,,F,Domestic,,PE,FALSE,,In middle of village,16.89999962,0.660000026,226,FALSE,,,Archean,Kavilipalayam,04-10-2011,,Rural,,NO
63564,OB,Dug Well,"WRD, Tamil Nadu",22,19.Tiruppur,Kangeyam,Vellakoil,Pachapalayam,,,Public,,002,Amaravathi,Vellakovil,GNS,PE,58F9,10.97215,77.65299,,,F,Domestic,,PE,FALSE,,In middle of village,23.89999962,0.829999983,273,FALSE,,,Archean,Poosarivalasu,05-10-2011,,Rural,,NO
63565,OB,Dug Well,"WRD, Tamil Nadu",22,19.Tiruppur,Kangeyam,Vellakoil,Uddaiam,,,Public,,002,Amaravathi,Vellakovil,GNS,PE,58F9,11.02697,77.78259,,,F,Domestic,,PE,FALSE,,Near OHT,18.76000023,0.889999986,203,FALSE,,,ARCHEAN,Udaiyam,05-10-2011,,Rural,,NO
63566,OB,Dug Well,"WRD, Tamil Nadu",22,19.Tiruppur,Kangeyam,Kundadam,Alambadi,,,Public,,002,Amaravathi,Kangeyam,GNS,PE,58F5,10.91668,77.58327,,,F,Domestic,,PE,FALSE,,In middle of village,19.42000008,0.899999976,258,FALSE,,,Archean,Velayuthampalay,01-10-2011,,Rural,,NO
63567,OB,Dug Well,"WRD, Tamil Nadu",22,19.Tiruppur,Dharapuram,Vellakoil,Alampalayam,,,Public,,002,Amaravathi,Kundadam,GNS,PE,58F5,10.88487,77.54714,,,F,Domestic,,PE,FALSE,,In front of School,27.64999962,0.870000005,260,FALSE,,,Archean,Valasupalayam,03-10-2011,,Rural,Every month,NO
63568,OB,Dug Well,"WRD, Tamil Nadu",22,19.Tiruppur,Kangeyam,Kangayam,Padiyur,,,Public,,002,Amaravathi,Kangeyam,GNS,PE,58E8,11.06404,77.48973,,,F,Domestic,,pe,FALSE,,West side of the village left side the road,15.10000038,0.769999981,296,FALSE,,,Archean,Padiyur,27-04-2003,,Rural,,NO
63569,OB,Dug Well,"WRD, Tamil Nadu",22,19.Tiruppur,Kangeyam,Kangayam,Nathakadiyur,,,Public,,002,Amaravathi,Kangeyam,GNS,PE,58E12,11.08747,77.66286,,,F,Domestic,,PE,FALSE,,Near the OHT,19.20000076,1.139999986,219,FALSE,,,Arechean,Nathakadiyur,25-04-2003,,Rural,,NO
63577,OB,Dug Well,"WRD, Tamil Nadu",22,19.Tiruppur,Kangeyam,Kangayam,Alambadi,,,Panchayat,,002,Amaravathi,Kangeyam,GNS,PE,58E12,11.03141,77.56908,,,F,Domestic,,PE,FALSE,,Near pds shop,31.20999908,1.200000048,304,FALSE,,,Archean,Neickaranpalaya,27-04-2003,,Rural,,NO
63578,OB,Dug Well,"WRD, Tamil Nadu",22,19.Tiruppur,Kangeyam,Kangayam,Sivanmalai,,,Panchayat,,002,Amaravathi,Kangeyam,GNS,PE,58E12,11.08621,77.52835,,,F,Domestic,,PE,FALSE,,In front of muniyappan kovil,24.29999924,1,262,FALSE,,,Archean,Chellappampalay,27-04-2003,,Rural,,NO
63579,OB,Dug Well,"WRD, Tamil Nadu",22,19.Tiruppur,Kangeyam,Kangayam,Nathakadiyur,,,Panchayat,,002,Amaravathi,Kangeyam,GNS,PE,58E12,11.02417,77.63071,,,F,Domestic,,PE,FALSE,,Near OHT,19.39999962,1.350000024,283,FALSE,,,Archean,Pappini,25-04-2003,,Rural,,NO
63580,OB,Dug Well,"WRD, Tamil Nadu",22,19.Tiruppur,Kangeyam,Vellakoil,Vellakoil,,,National highway,,002,Amaravathi,Vellakovil,GNS,PE,58F9,10.94547,77.71706,,,F,Domestic,,PE,FALSE,,Inside of the Office,22.35000038,0.699999988,233,FALSE,,,Archean,Vellakoil,24-04-2003,,Rural,,NO
63581,OB,Dug Well,"WRD, Tamil Nadu",22,19.Tiruppur,Kangeyam,Kangayam,Kangeyam,,,Panchayat,,002,Amaravathi,Kangeyam,GNS,PE,58E13,11.00586,77.5603,,,F,Domestic,,PE,FALSE,,In front of GH,24.89999962,0.870000005,310,FALSE,,,ARCHEAN,Kangeyam,25-04-2003,,Rural,,NO
63582,OB,Dug Well,"WRD, Tamil Nadu",22,19.Tiruppur,Kangeyam,Kangayam,Kangeyam,,,Panchayat,,002,Amaravathi,Kangeyam,GNS,PE,58F9,10.96065,77.57368,,,F,Domestic,,PE,FALSE,,In front of mariyamman kovil,21.60000038,0.75,279,FALSE,,,Aechean,Sedankalipalaya,24-04-2003,,Rural,,NO
63583,OB,Dug Well,"WRD, Tamil Nadu",22,19.Tiruppur,Kangeyam,Kangayam,Kangeyam,,,Panchayat,,002,Amaravathi,Kangeyam,GNS,PE,58F9,10.95135,77.60386,,,F,Domestic,,PE,FALSE,,Near pillayar kovil,19.29999924,0.75,260,FALSE,,,Archean,Palayapudur,27-04-2003,,Rural,,NO
63591,OB,Dug Well,"WRD, Tamil Nadu",22,19.Tiruppur,Kangeyam,Vellakoil,Vellakoil,,,Panchayat,,002,Amaravathi,Vellakovil,GNS,PE,58F9,10.89352,77.75404,,,F,Domestic,,PE,FALSE,,In middle of the village,12,0.899999976,196,FALSE,,,Archean,Sundaradivalasu,24-04-2003,,Rural,,no
63592,OB,Dug Well,"WRD, Tamil Nadu",22,19.Tiruppur,Kangeyam,Vellakoil,Vellakoil,,,Panchayat,,002,Amaravathi,Vellakovil,GNS,pe,58F9,10.87848,77.74285,,,F,Domestic,,PE,FALSE,,In Middle of Village,12.10000038,1.100000024,190,FALSE,,,Archean,Mottakalivalasu,24-04-2003,,Rural,,NO
63593,OB,Dug Well,"WRD, Tamil Nadu",22,19.Tiruppur,Kangeyam,Vellakoil,Mangalapatti,,,Panchayat,,002,Amaravathi,Vellakovil,GNS,PE,58F9,11.00747,77.75604,,,F,Domestic,,PE,FALSE,,With in the kaliyamman kovil,17.95000076,0.699999988,230,FALSE,,,Archean,Mangalpatti,24-04-2003,,Rural,,NO
63594,OB,Dug Well,"WRD, Tamil Nadu",22,19.Tiruppur,Kangeyam,Kangayam,Nelali,,,Panchayat,,002,Amaravathi,Kangeym,GNS,PE,58E13,10.91631,77.48634,,,F,Domestic,,PE,FALSE,,In the harijana colony,22.29999924,0.899999976,308,FALSE,,,Archean,Goundampalayam,25-04-2003,,Rural,,NO
63595,OB,Dug Well,"WRD, Tamil Nadu",22,19.Tiruppur,Kangeyam,Kangayam,Sivanmalai,,,Panchayat,,002,Amaravathi,Kaangeyam,GNS,PE,58E13,10.97519,77.51308,,,F,Domestic,,PE,FALSE,,Near harijana colony,21.12000084,0.800000012,298,FALSE,,,Archean,Kadalaikattupud,25-04-2003,,Rural,,NO
63596,OB,Dug Well,"WRD, Tamil Nadu",22,19.Tiruppur,Kangeyam,Kundadam,Uthiyur,,,Panchayat,,002,Amaravathi,Kundadam,GNS,PE,58F9,10.93076,77.53296,,,F,Domestic,,PE,FALSE,,Eastern side of kangayam dharapuram main road,23.20000076,0.75,291,FALSE,,,Archean,Pdupalayam,24-04-2003,,,Every month,NO
63801,OB,Dug Well,"WRD, Tamil Nadu",22,19.Tiruppur,Udumalpet,Gudimangalam,Amanthakadavu,,,Panchayat,,002,Amaravathy,Amaravathy,GGN,PE,58F02,10.72937,77.17026,,,F,Public Supply,Nil,PE,FALSE,No,"On the main road, southern side of Ramchandrapuram.",26.79999924,1,351,FALSE,,,Archaean,Ramachandrapura,,,Rural,,
63802,OB,Dug Well,"WRD, Tamil Nadu",22,19.Tiruppur,Udumalpet,Gudimangalam,Somavarapatty,,,Private(palaiapa Chettiar,WELL CLOSED SINCE 11/2003,002,A2,Amaravathy,GGN,PE,58F02,10.73422,77.24536,,,F,Public Supply,Nil,PE,FALSE,No,Negammam - Periyapatti road. In between 3/6 and 3/8 km stone.,21.10000038,0.75,327,FALSE,,,Archaean,Ammapatty,,,Rural,,
63803,OB,Dug Well,"WRD, Tamil Nadu",22,19.Tiruppur,Udumalpet,Gudimangalam,Kondampatty,,,Panchayat,,002,A2,Amaravathy,GGN,PE,58F06,10.73964,77.2758,,,F,Public Supply,Nil,PE,FALSE,No,Right side of the Negamam - Periyapatti road.,15.39999962,0.800000012,324,FALSE,,,Archaen,Velayuthagounda,,,Rural,,
63804A,OB,Dug Well,"WRD, Tamil Nadu",22,19.Tiruppur,Udumalpet,Gudimangalam,Gudimangalam,,,Panchayat,,002,Amaravathy,Amaravathi,CNK,PE,58F06,10.69538,77.2816,,,F,Domestic,Nil,PE,FALSE,No,Near Police station,25.20000076,0.800000012,343,FALSE,,,Archaean,Gudimangalam,,,Rural,,
63805,OB,Dug Well,"WRD, Tamil Nadu",22,19.Tiruppur,Udumalpet,Gudimangalam,Ponneri,,,Panchayat,,002,A5,Amaravathy,GNS,PE,58F06,10.64025,77.26722,,,F,Public Supply,Nil,PE,FALSE,No,Left side of Udumalpet - palladam road.,13.19999981,0.850000024,347,FALSE,,,Archaean,Ponneri,,,Rural,,
63806,OB,Dug Well,"WRD, Tamil Nadu",22,19.Tiruppur,Udumalpet,Gudimangalam,Kongal Nagaram,,,Private(munusamy Konar),,002,A2,Amaravathy,GGN,PE,58F02,10.67827,77.20261,,,F,Irrigation,Nil,PE,FALSE,No,Right side of the Dharapuram - Pollachi road opposite to 31/2 Km stone.,13.19999981,0.079999998,362,FALSE,,,Archaean,Kongalnagaram,,,Rural,,
63807,OB,Dug Well,"WRD, Tamil Nadu",22,19.Tiruppur,Udumalpet,Gudimangalam,Kongal Nagaram,,,Panchayat,,002,A2,Amaravathy,GGN,PE,58F02,10.67518,77.16128,,,F,Public Supply,Nil,PE,FALSE,No,Near 42/4 km stone along Dharapuram - Pollachi road.,22.5,0.800000012,385,FALSE,,,Archaean,Puduppalayam,,,Rural,,
63813,OB,Dug Well,"WRD, Tamil Nadu",22,19.Tiruppur,Udumalpet,Udumalpet,"Thali 1 - 2, Thirumurthy",,,Panchayat,,002,A5,Amaravathy,GNS,PE,58F02,10.51134,77.18965,,,F,Public Supply,Nil,PE,FALSE,NoNo,Opposite to the Panchayat office Dhali - Thirumurthi dam road.,8,1,389,FALSE,,,Archaean,Dhali,,,Rural,,
63814,OB,Dug Well,"WRD, Tamil Nadu",22,19.Tiruppur,Udumalpet,Udumalpet,Kurichikottai,,,Panchayat,WELL CLOSED  SINCE  10/2007,002,A5,Amaravathy,GNS,PE,58F02,10.50891,77.22741,,,F,Public Supply,Nil,PE,FALSE,No,Inside the weekly market.,8,1,383,FALSE,,,Archaean,Kurichikottai,,,Rural,,
63815,OB,Dug Well,"WRD, Tamil Nadu",22,19.Tiruppur,Udumalpet,Udumalpet,Manupatty,,,Private(panchaksharagr.),,002,A5,Amaravathy,GNS,PE,58F03,10.47024,77.23854,,,F,Domestic,Nil,PE,FALSE,No,On the right side of the Udumalpet - Amaravathy nagar road in between 14/8 and 14/6 km stones.,8.699999809,0.5,388,FALSE,,,Archaean,Manupatti,,,Rural,,
63816,OB,Dug Well,"WRD, Tamil Nadu",22,19.Tiruppur,Udumalpet,Udumalpet,Andikondanur 1,,,Panchayat,,002,A5,Amaravathy,GNS,PE,58F07,10.49885,77.29062,,,F,Public Supply,Nil,PE,FALSE,No,Near the Junction of Udumalpet Dhali Komarlingam roads.,13,0.75,349,FALSE,,,Archaean,Perisanampatti,,,Rural,,
63817A,OB,Dug Well,"WRD, Tamil Nadu",22,19.Tiruppur,Madathukulam,Madathukulam,Komaralingam -E,,,Panchayat,,002,amaravathy,amaravathy,GNS,PE,58F07,10.4886,77.35562,,,F,Domestic,Nil,PE,FALSE,No,Inside PWD Campus,7.599999905,0.800000012,313,FALSE,,,Archaean,Komaralingam Ea,,,Rural,,
63818A,OB,Dug Well,"WRD, Tamil Nadu",22,19.Tiruppur,Madathukulam,Madathukulam,Thanthoni,,,Panchayat,,002,amaravathy,amaravathy,GNS,PE,58F06,10.53391,77.35966,,,F,Domestic,Nil,PE,FALSE,No,12th ward AD Colony,13.5,0.75,307,FALSE,,,Archaean,Neelambur,,,Rural,,
63819,OB,Dug Well,"WRD, Tamil Nadu",22,19.Tiruppur,Madathukulam,Madathukulam,Karathozhuluvu,,,Koil Well,,002,A5,Amaravathy,GGN,PE,58F06,10.62456,77.37462,,,F,Domestic,Nil,PE,FALSE,No,Pachchai Kondhayee koil Junctionof Three roads.,8,0.649999976,286,FALSE,,,Archaean,Karatholuvu,,,Rural,,
63820A,OB,Dug Well,"WRD, Tamil Nadu",22,19.Tiruppur,Madathukulam,Madathukulam,Thungavi 1-2,,,Panchayat,,002,amaravathy,amaravathy,GNS,PE,58F06,10.62609,77.32948,,,F,Domestic,Nil,PE,FALSE,No,opp to EB offive,18.5,0.75,337,FALSE,,,Archaean,Thungavi,,,Rural,,
63821,OB,Dug Well,"WRD, Tamil Nadu",22,19.Tiruppur,Udumalpet,Udumalpet,Kannamanaickenur 1 - 2,,,Panchayat,,002,A5,Amaravathy,GNS,PE,58F06,10.57955,77.30103,,,F,Public Supply,Nil,PE,FALSE,No,100 feet left side of Udumalpet - Dindugal road.,18.10000038,0.850000024,345,FALSE,,,Archaean,Palappampatty,,,Rural,,
63822,OB,Dug Well,"WRD, Tamil Nadu",22,19.Tiruppur,Udumalpet,Gudimangalam,Kongal Nagaram,,,Panchayat,,002,Amaravathy,Amaravathy,CNK,PE,58F06,10.775,77.18417,,,F,Domestic,Nil,PE,FALSE,No,Near vagatholuvu hamlet elementry school towards arasur road,16.29999924,0.75,370,FALSE,,,Archaean,Sangamanaickenp,,,Rural,,
63823,OB,Dug Well,"WRD, Tamil Nadu",22,19.Tiruppur,Madathukulam,Madathukulam,Myvadi 1-2,,,Panchayat  Well,,002,Amaravathy,Amaravathy,CNK,PE,58F06,10.59854,77.31819,,,F,Domestic,Nil,PE,FALSE,No,Infort  of maivadi  panchayat  office,10.10000038,0.850000024,339,FALSE,,,Archaean,Maivadi,,,Rural,,
63831,OB,Dug Well,"WRD, Tamil Nadu",22,19.Tiruppur,Udumalpet,Udumalpet,Periyavalavadi,,,Panchayat,,002,Amaravathy,Amaravathy,CNK,PE,58F2,10.53223,77.15597,,,F,Domestic,Nil,PE,FALSE,No,Right  side of the boad,14.30000019,0.699999988,393,FALSE,,,Archaean,Deepalapatti,,,Rural,,
63832,OB,Dug Well,"WRD, Tamil Nadu",22,19.Tiruppur,Udumalpet,Udumalpet,Periyavalavadi,,,Panchayat,,002,Amaravathy,Amaravathy,CNK,PE,58F2,10.54751,77.18323,,,F,Domestic,Nil,PE,FALSE,No,Opposite to vocational Training Institute,19.79999924,0.800000012,381,FALSE,,,Archaean,Periya Valavadi,,,Rural,,
HP II-03,PZ,Bore Well,"WRD, Tamil Nadu",22,19.Tiruppur,Avinashi,Avanashi,Rakkiyampalayam,,,Tn-pwd,,002,Noyyal,Noyyal3,GNS,PE,58E3,11.16014,77.28602,,,F,Piezometer,Low,PE,FALSE,Nil,Government Middle School,65,0.600000024,324,FALSE,,,Archean,Rakkiyapalyam,,,Rural,,
HP-II-02,PZ,Bore Well,"WRD, Tamil Nadu",22,19.Tiruppur,Tiruppur South,Tiruppur,Mangalam,,,,,,,,,,,11.09598,77.2687,,,F,,,,FALSE,,,56,0.600000024,327,FALSE,,,,Mangalam,,,,,
HP1CTR04,PZ,Bore Well,"WRD, Tamil Nadu",22,19.Tiruppur,Palladam,Palladam,Sitrambalam,Pullippampalayam,314,TNGWD,,002,Noyyal,Noyyal3,GNS,PE,58F05,10.93449,77.27736,,,F,Monitoring,Nil,PE,FALSE,Nil,The point lies North of the OHT and West of the OBWEll NO: 63413.,38.59999847,0.600000024,404,TRUE,014429,Greenspan,Archaean,Pulliappampalay,,,Rural,,
HP1ETR10,PZ,Bore Well,"WRD, Tamil Nadu",22,19.Tiruppur,Kangeyam,Vellakoil,Vellakoil,,334A,TNGWD,blocked,002,Amaravathy,Amaravathy II,GNS,PE,58F09,10.94754,77.71079,,,F,Monitoring,Marginal,PE,FALSE,Nil,The point lies in the premises of Veera kumarasamy Temple East of Temple Car at Vellakoil.,60,0.600000024,236,FALSE,,,Archaean,Vellakoil,,,Rural,,
HP1ETR11,PZ,Bore Well,"WRD, Tamil Nadu",22,19.Tiruppur,Uthukuli,Uthukuli,Sar. Periyapalayam,Timmanaickanpalayam,229,TNGWD,,002,Noyyal,Noyyal IV,CNK,PE,58E08,11.1511,77.4223,,,F,Monitoring,Low,PE,FALSE,Nil,The point lies North of the Panchayat Elementary School and South of the Control Well.,33.79999924,0.600000024,289,TRUE,014503,Greenspan,Archaean,Timmanaickanpal,,,Rural,,
HP1ETR13A,PZ,Bore Well,"WRD, Tamil Nadu",22,19.Tiruppur,Uthukuli,Uthukuli,Vellaravalli,Papavalasu,,TN-GWD,,,,,,,58E7,11.26732,77.45344,,,F,Monitoring,,,FALSE,,"Panchayat Union Middle School
Play Ground",49.29999924,0.600000024,306,FALSE,,,,Vellaravelli,,,,,
HP2CTR02,PZ,Bore Well,"WRD, Tamil Nadu",22,19.Tiruppur,Avinashi,Avanashi,Sevur,Sevur,229-2,TNGWD,stone filled since 1999,002,Noyyal,Noyyal3,GNS,PE,58E04,11.24477,77.23729,,,F,Monitoring,Nil,PE,FALSE,Nil,The point lies West of Panchayat office buildings.,66.5,0.600000024,357,FALSE,,,Archaean,Sevur,,,Rural,,
HP2CTR04,PZ,Bore Well,"WRD, Tamil Nadu",22,19.Tiruppur,Avinashi,Avanashi,Thathanur.,Thathanur,166,TNGWD,Not working since 7/2002.Resetting the logger.,002,Noyyal,Noyyal3,GNS,PE,58E07,11.31936,77.28212,,,F,Monitoring,Nil,PE,FALSE,Nil,The point lies North of the Noon meal centre.,64.90000153,0.600000024,327,TRUE,014474,Greenspan,Archaean,Thathanur,,,Rural,,
HP2CTR19,PZ,Bore Well,"WRD, Tamil Nadu",22,19.Tiruppur,Tiruppur South,Tiruppur,Veerapandi,Veerapandi,329,TNGWD,,002,Noyyal,Noyyal4,GNS,PE,58E08,11.06393,77.35122,,,F,Monitoring,Nil,PE,FALSE,Nil,The point lies North of the School Building.,63.79999924,0.600000024,311,TRUE,014416,Greenspan,Archaean,Veerapandi,,,Rural,,
HP2CTR20,PZ,Bore Well,"WRD, Tamil Nadu",22,19.Tiruppur,Tiruppur North,Tiruppur,Nerupperichal,Neruperichal,648,TNGWD,,002,Noyyal,Noyyal4,GNS,PE,58E08,11.16069,77.37242,,,F,Monitoring,Nil,PE,FALSE,Nil,The point lies inside the Panchayat office campus.,61.29999924,0.600000024,322,TRUE,013018,Greenspan,Archaean,Neruperichal,,,Rural,,
HP2CTR21(A),PZ,Bore Well,"WRD, Tamil Nadu",22,19.Tiruppur,Palladam,Pongalur,Pongalur,,,,,,,,,,,10.97246,77.36465,,,F,,,,FALSE,,,60,0.610000014,373,FALSE,,,,Pongalur,,,,,
HP2CTR30,PZ,Bore Well,"WRD, Tamil Nadu",22,19.Tiruppur,Madathukulam,Madathukulam,Metrathi 1-2,Metrathi,754,TNGWD,Under repair from 15.10.01.Battery down in sensor.,002,Amaravathi,Amaravathy5,CNK,PE,58F06,10.65556,77.33889,,,NF,Monitoring,Nil,PE,TRUE,Amaravathi,The point lies South of the Panchayat School building.,64.80000305,0.600000024,338,TRUE,006114,Greenspan,Archaean,Metrathi,,,Rural,,
HP2CTR31,PZ,Bore Well,"WRD, Tamil Nadu",22,19.Tiruppur,Udumalpet,Udumalpet,Kallapuram,Kallapuram,400/A,TNGWD,Under repair from 17.04.01. Battery down in sensor.,002,Amaravathi,Amaravathy5,CNK,PE,58F07,10.4431,77.29098,,,NF,Monitoring,Low,PE,TRUE,Amaravathi,The point lies inside the Panchayat Office campus and south fo Panchayat office building.,61.29999924,0.600000024,334,TRUE,006428,Greenspan,Archaean,Kallapuram,,,Rural,,
HP2ETR11,PZ,Bore Well,"WRD, Tamil Nadu",22,19.Tiruppur,Kangeyam,Kangayam,Nathakadiyur,Nattarpalayam,268/1,TNGWD,,002,Noyyal,Noyyal IV,CNK,PE,58E12,11.04514,77.6163,,,F,Monitoring,Low,PE,FALSE,Nil,The point lies inside the premises of Nattarpalayam Panchayat School.,71.19999695,0.600000024,270,TRUE,014495,Greenspan,Archaean,Kanjeerapalayam,,,Rural,,
HP2ETR12,PZ,Bore Well,"WRD, Tamil Nadu",22,19.Tiruppur,Kangeyam,Vellakoil,Rasatha Valasu,,930,TNGWD,,002,Noyyal,Noyyal V,GNS,PE,58E12,11.03653,77.71319,,,F,Monitoring,Low,UN,FALSE,Nil,The Borehole is located in the South Eastern portion of the Rastha valasu Panchayat middle school premises.,61.29999924,0.600000024,225,TRUE,014443,Greenspan,Archaean,Rasathavalasu,,,Rural,,
HP2ETR13 A,PZ,Bore Well,"WRD, Tamil Nadu",22,19.Tiruppur,Kangeyam,Kangayam,Kathangani,Thottipalayam,,Tngwd,,002,Noyyal,Noyyan IV,,,,11.100995,77.470368,,,F,,,,FALSE,Non Command,Panchayet Union  Elementary School,60.40000153,0.600000024,302,FALSE,,,,Thottipalayam,,,Rural,,
HP2ETR21,PZ,Bore Well,"WRD, Tamil Nadu",22,19.Tiruppur,Dharapuram,Kundadam,Kundadam,,296/A,TNGWD,,002,Amaravathy,Amaravathy I,GGN,PE,58F09,10.89206,77.52688,,,F,Monitoring,Low,UN,FALSE,Nil,The Borewell is located in the Southern side of the Udiyur Police Station premises.,82,0.600000024,280,TRUE,014444,Greenspan,Archaean,Uthiyur,,,Rural,,
HP2ETR22,PZ,Bore Well,"WRD, Tamil Nadu",22,19.Tiruppur,Dharapuram,Kundadam,Periya Kumarapalayam,,101,TNGWD,,002,Amaravathy,Amaravathy I,GNS,BP,58F05,10.77627,77.31477,,,F,Monitoring,Low,PE,FALSE,Nil,The Borewell is located inside the Panchayat School Premises of Periakumarapalayam.,60.70000076,0.600000024,309,TRUE,006226,Greenspan,Archaean,Periakumarapala,,,Rural,,
HP2ETR23,PZ,Bore Well,"WRD, Tamil Nadu",22,19.Tiruppur,Dharapuram,Dharapuram,Ponnapuram,,610/B,TNGWD,,002,Amaravathy,Amaravathy II,CNK,PE,58F06,10.70006,77.39078,,,F,Monitoring,Low,PD,FALSE,Nil,The Borewell is located in front of the Ponnapuram VAO office.,71,0.610000014,328,TRUE,006175,Greenspan,Archaean,Ponnapuram,,,Rural,,
HP2ETR28,PZ,Bore Well,"WRD, Tamil Nadu",22,19.Tiruppur,Dharapuram,Mulanur,Punjaithalaiyur,Orathupalayam,,TNGWD,,002,Amaravathy,Amaravathuy IV,CNK,PE,58F13,10.86557,77.76504,,,NF,Monitoring,Low,UN,FALSE,Nil,The Borewell is located inside the premises of Panchayat Elementary School to the back side of Noon Meals Centre at Orathapalayam village.,70.69999695,0.600000024,187,TRUE,006034,Greenspan,Archaean,Orathupalayam,,,Rural,,
HP2ETR29,PZ,Bore Well,"WRD, Tamil Nadu",22,19.Tiruppur,Dharapuram,Mulanur,Velamboondi,,1472/A,TNGWD,,002,Amaravathy,Amaravathy IV,CNK,PE,58F13,10.81195,77.87014,,,F,Monitoring,Low,PD,FALSE,Nil,The Borewell is located inside the premises of Panchayat Elementary school at Velampoondi Village.,61.90000153,0.600000024,169,TRUE,006037,Greenspan,Archaean,Velampoondi,,,Rural,,
HP2ETR30,PZ,Bore Well,"WRD, Tamil Nadu",22,19.Tiruppur,Dharapuram,Vellakoil,Shangarandampalayam,Vadugampatti,175/B,TNGWD,Blocked from 19/2/02,002,Amaravaathy,Amaravathy IV,CNK,PE,58F14,10.74433,77.61059,,,NF,Monitoring,Low,UN,FALSE,Nil,The Borewell is located inside the premises of Govt Veternary Hospital at Vadugapatti,60.90000153,0.600000024,244,TRUE,006307,Greenspan,Archaean,Kumarapalayam,,,Rural,,
HP2ETR30A,PZ,Bore Well,"WRD, Tamil Nadu",22,19.Tiruppur,Dharapuram,Mulanur,Kilangundal,Vadugapatti,,Tngwd,,002,Amaravathi,Amaravathi IV,,,,10.73196,77.75994,,,F,Monitoring,,,FALSE,Non Command,Government  Veterinary Hospital Campus,120,0.680000007,231,FALSE,,,,Vadugapatti,,,Rural,,
HP2T01,PZ,Bore Well,"WRD, Tamil Nadu",22,19.Tiruppur,Kangeyam,Vellakoil,Uthama Palayam,,,TNGWD,,002,Amaravathy,amaravathi,CNK,PE,58F09,10.90009,77.67272,,,F,Monitoring,,PE,FALSE,,Inside the mimi meterological station,80,0.649999976,219,FALSE,,,Archaean,Uthamapalayam,,,,,
HP3Tpr01,PZ,Bore Well,"WRD, Tamil Nadu",22,19.Tiruppur,Udumalpet,Udumalpet,Periyavalavadi,Periavalavadi,,,,,,,GNS,,58F07,10.54748,77.18323,,,F,Monitoring,,,FALSE,,,120,0.680000007,381,FALSE,,,,Periavalavadi,,,,,
HP3Tpr02,PZ,Bore Well,"WRD, Tamil Nadu",22,19.Tiruppur,Avinashi,Tiruppur,Perumanallur,Perumanallur,,,,,,,GNS,,58E8,11.19727,77.36423,,,F,,,,FALSE,,,120,0.600000024,317,FALSE,,,,Perumanallur,,,,,
HP3TPR03,PZ,Bore Well,"WRD, Tamil Nadu",22,19.Tiruppur,Udumalpet,Udumalpet,Kallapuram,,,,,,,,,,,10.42571,77.28536,,,F,,,,FALSE,,,120,0.699999988,0,FALSE,,,,Poochimedu,,,,,
63808,OB,Dug Well,"WRD, Tamil Nadu",22,19.Tiruppur,Udumalpet,Udumalpet,Devanurputhur,,,Panchayat,,002,A5,Amaravathy,GGN,PE,58F02,10.54866,77.08987,,,F,Public Supply,Nil,PE,FALSE,No,Anamallai - Udumalpet road ( At Chinna pudur),17.10000038,0.800000012,326,FALSE,,,Archaean,Devanampudur,,,Rural,,
63809 A,OB,Dug Well,"WRD, Tamil Nadu",22,19.Tiruppur,Udumalpet,Udumalpet,Kodunkiyam,,,Panchayat,,002,AMARAVATHY,AMARAVATHY,CNK,PE,58F02,10.55462,77.13791,,,F,Public Supply,Nil,PE,FALSE,No,Near the Checkdam Bloeu  Udumalpet      From 200Feet him the Valparai Km Board,20.60000038,0.800000012,363,FALSE,,,Archaean,Salaiyur,,,Rural,,
63810,OB,Dug Well,"WRD, Tamil Nadu",22,19.Tiruppur,Udumalpet,Udumalpet,Poolankinar,,,Panchayat,,002,A5,Amaravathy,GNS,PE,58F02,10.59241,77.2016,,,F,Public Supply,Nil,PE,FALSE,No,LEFT SIDE OF UDUMALPET POLLACHI ROAD 1/2 KM FROM MUKKONAM BUS STOP,15.69999981,1,375,FALSE,,,Archaean,Chinnapoolankin,,,Rural,,
63811,OB,Dug Well,"WRD, Tamil Nadu",22,19.Tiruppur,Udumalpet,Udumalpet,Udumalaipettai,,,Esi Quarters,,002,A5,Amaravathy,GNS,PE,58F02,10.57583,77.23944,,,F,Domestic,Nil,PE,FALSE,No,Inside ESI quarters,17.79999924,0.850000024,367,FALSE,,,Archaean,Udumalpet,,,Rural,,
63812A,OB,Dug Well,"WRD, Tamil Nadu",22,19.Tiruppur,Udumalpet,Udumalpet,Pallapalayam,,,Agri Land,,002,amaravathy,amaravathy,GNS,PE,58F02,10.52805,77.21208,,,F,Domestic,Nil,PE,FALSE,No,Near Panjalingam House,13,1.100000024,383,FALSE,,,Archaean,Pallapalayam,,,Rural,,
63824,OB,Dug Well,"WRD, Tamil Nadu",22,19.Tiruppur,Udumalpet,Gudimangalam,Poolavadi,,,Panchayat,,002,Amaravathy,Amaravathy,CNK,PE,58F06,10.74051,77.30881,,,F,Domestic,Nil,PE,FALSE,No,back side ofthe panchayat office,19.29999924,0.5,0,FALSE,,,Archaean,Poolavadi,,,Rural,,
63825,OB,Dug Well,"WRD, Tamil Nadu",22,19.Tiruppur,Udumalpet,Gudimangalam,Pukulam.,,,Panchayat,,002,Amaravathy,Amaravathy,GNS,PE,58F2,10.63263,77.24177,,,F,Domestic,Nil,PE,FALSE,No,Near by Library &Govt Middle School,24.5,0.699999988,349,FALSE,,,Archaean,Pukkulam,,,Rural,,
63826,OB,Dug Well,"WRD, Tamil Nadu",22,19.Tiruppur,Madathukulam,Madathukulam,Kaniyur,,,Panchayat,,002,Amaravathy,Amaravathy,GNS,PE,58F6,10.60451,77.37742,,,F,Public Supply,Nil,PE,FALSE,No,Back side of VOA Office,15.19999981,0.699999988,294,FALSE,,,Archaean,Kaniyur,,,Rural,,
63827,OB,Dug Well,"WRD, Tamil Nadu",22,19.Tiruppur,Udumalpet,Udumalpet,Elayamuthur,,,Public,,002,Amaravathy,Amaravathy,GNS,PE,58F7,10.48561,77.29529,,,F,Domestic,Nil,PE,FALSE,No,Near PHC,18.5,0.800000012,343,FALSE,,,Archaean,Ilalayamuthur,,,Rural,,
63828,OB,Dug Well,"WRD, Tamil Nadu",22,19.Tiruppur,Udumalpet,Udumalpet,Kannamanaickenur 1 - 2,,,Panchayat,,002,Amaravathy,Amaravathy,GNS,PE,58F6,10.55421,77.26802,,,F,Domestic,Nil,PE,FALSE,No,Adjacent to Govt School Building,24.5,0.850000024,357,FALSE,,,Archaean,Kannamanaickanu,,,Rural,,
63829,OB,Dug Well,"WRD, Tamil Nadu",22,19.Tiruppur,Udumalpet,Udumalpet,Kallapuram,,,Phc  Well,,002,Amaravathy,Amaravathy,CNK,PE,58A7,10.43503,77.29059,,,F,Domestic,Nil,PE,FALSE,No,Near  the Panchayat  office,8.699999809,0.899999976,332,FALSE,,,Archaean,Kallapuram,,,Rural,,
63830,OB,Dug Well,"WRD, Tamil Nadu",22,19.Tiruppur,Udumalpet,Udumalpet,Kallapuram,,,Public,,002,Amaravathy,Amaravathy,CNK,PE,58F6,10.54373,77.24584,,,F,Public Supply,Nil,PE,FALSE,No,On  theMalaiyandipaltinam  Road NEAR2/0Mile stone,25.5,0.800000012,364,FALSE,,,Archaean,Kuralkuttai,,,Rural,,
HP1CTR05(A),PZ,Bore Well,"WRD, Tamil Nadu",22,19.Tiruppur,Palladam,Palladam,Vadugapalayam,,,,,,,,,,,10.95611,77.25944,,,F,,,,FALSE,,,130,0.600000024,406,FALSE,,,,Venkitapuram,,,,,
HP1CTR08(A),PZ,Bore Well,"WRD, Tamil Nadu",22,19.Tiruppur,Palladam,Pongalur,Vavipalayam,,,,,,,,,,,10.87716,77.29596,,,F,,,,FALSE,,,125,0.600000024,365,FALSE,,,,Muthur,,,,,
HP1CTR12,PZ,Bore Well,"WRD, Tamil Nadu",22,19.Tiruppur,Udumalpet,Gudimangalam,Kongal Nagaram,Pudupalayam,173/2,TNGWD,Under repair from 17.4.01. Battery down in sensor.,002,Amaravathi,Amaravathy2,CNK,PE,58F02,10.67487,77.15363,,,F,Monitoring,Nil,PE,TRUE,Amaravathi,"The point lies in Pudupalayam Village ;of Udumalai Block,Coimbatore Dist.Exactly the proposed borehole is situated on the way of Pollachi - Gudimangalam near Pudupalayam village on the diversion to Koli Kuttai.",70,0.600000024,388,TRUE,006021,Greenapan,Archaean,Pudupalayam,,,Rural,,
HP1CTR13,PZ,Bore Well,"WRD, Tamil Nadu",22,19.Tiruppur,Udumalpet,Gudimangalam,Gudimangalam,Gudipalayam,344,TNGWD,Under repair from 17.4.01. Battery down in sensor.,002,Amaravathi,Amaravathy2,CNK,PE,58F06,10.68862,77.28184,,,F,Monitoring,Nil,PE,TRUE,Amaravathi,"The point lies on the Eastern side of the Operation theatre.10.8m from the right side corner of Operation theatre,and 13.2m from the left side of the OP.Theatre.",70,0.600000024,346,TRUE,006452,Greenspan,Archaean,Gudimangalam,,,Rural,,
HP2CTR02,PZ,Bore Well,"WRD, Tamil Nadu",22,19.Tiruppur,Avinashi,Avanashi,Sevur,Sevur,229-2,TNGWD,stone filled since 1999,002,Noyyal,Noyyal3,GNS,PE,58E04,11.24477,77.23729,,,F,Monitoring,Nil,PE,FALSE,Nil,The point lies West of Panchayat office buildings.,38.59999847,0.600000024,355,FALSE,,,Archaean,Sevur,,,Rural,,
HP2CTR03,PZ,Bore Well,"WRD, Tamil Nadu",22,19.Tiruppur,Avinashi,Avanashi,Alathur,Mondipalayam,182-A,TNGWD,Blocked from 7/2003,002,Noyyal,Noyyal3,GNS,PE,58F03,11.29167,77.16667,,,NF,Monitoring,Nil,PE,FALSE,Nil,The point lies East of the Animal Husbandry Buildings.,66.19999695,0.600000024,365,TRUE,014493,Greenspan,Archaean,Alathur,,,Rural,,
HP2CTR04,PZ,Bore Well,"WRD, Tamil Nadu",22,19.Tiruppur,Avinashi,Avanashi,Thathanur.,Thathanur,166,TNGWD,Not working since 7/2002.Resetting the logger.,002,Noyyal,Noyyal3,GNS,PE,58E07,11.31936,77.28212,,,F,Monitoring,Nil,PE,FALSE,Nil,The point lies North of the Noon meal centre.,65,0.600000024,329,TRUE,014474,Greenspan,Archaean,Thathanur,,,Rural,,
HP2CTR12,PZ,Bore Well,"WRD, Tamil Nadu",22,19.Tiruppur,Palladam,Palladam,Samalapuram,Samalapuram,468-A1,TNGWD,,002,Noyyal,Noyyal3,GNS,PE,58E04,11.08619,77.21409,,,F,Monitoring,Nil,PE,FALSE,Nil,"The point lies East of the Agri-Extension Centre,and South of the Panchayat office building.",65,0.600000024,335,TRUE,014478,Greenspan,Archaean,Samalapuram,,,Rural,,
HP2CTR16,PZ,Bore Well,"WRD, Tamil Nadu",22,19.Tiruppur,Palladam,Palladam,K.Ayyampalayam,K.ayyampalayam,379-2,TNGWD,,002,Noyyal,Noyyal2,GNS,PE,58F01,10.98344,77.22192,,,F,Monitoring,Nil,PE,FALSE,Nil,The point lies South of the Selakarachal-Palladam Road and East of the Panchayat Building.,65,0.600000024,416,TRUE,014491,Greenspan,Archaean,K.Ayyampalayam,,,Rural,,
HP2CTR18,PZ,Bore Well,"WRD, Tamil Nadu",22,19.Tiruppur,Tiruppur South,Pongalur,South Avinasipalayam,Avinashi palayam south,68-2A,TNGWD,,002,Amaravathi,Amaravathy1,GNS,PE,58F05,10.96667,77.4624,,,NF,Monitoring,Nil,PE,FALSE,Nil,The point lies South of the Mariamman Koil Temple and North of the Police Station and police quarters.,66.69999695,0.600000024,330,TRUE,013014,Greenspan,Archaean,Avinahsi Palaya,,,Rural,,
HP2CTR32,PZ,Bore Well,"WRD, Tamil Nadu",22,19.Tiruppur,Madathukulam,Madathukulam,Komaralingam -E,,152/A1,TNGWD,Under repair from 21.02.01. Battery down in sensor.,002,Amaravathi,Amaravathy5,CNK,PE,58F06,10.55584,77.36547,,,F,Monitoring,Nil,PE,TRUE,Amaravathi,The point lies inside the Inspection Bungalow campus.,66.5,0.600000024,304,TRUE,006115,Greenspan,Archaean,Madathukulam,,,Rural,,
HP2CTR33A,PZ,Bore Well,"WRD, Tamil Nadu",22,19.Tiruppur,Udumalpet,Gudimangalam,Veedampatty,,,,,,,,,,,10.75528,77.165,,,NF,,,,FALSE,,,65,0.600000024,368,FALSE,,,,Veethampatti,,,,,
HP2ETR09,PZ,Bore Well,"WRD, Tamil Nadu",22,19.Tiruppur,Kangeyam,Vellakoil,Kampuliampatti,,910/2,TNGWD,,002,Amaravathy,Amaravathy IV,GGN,PE,58E09,10.89183,77.60424,,,F,Monitoring,,UN,FALSE,Nil,The Borewell is located inthe Panchayat Middle School premises of Kambiliyampatti village to the East of Schoo Palavadi.,60.90000153,0.600000024,232,TRUE,014422,Greenspan,Archaean,Kambliyampatti,,,Rural,,
HP2ETR10 A,PZ,Bore Well,"WRD, Tamil Nadu",22,19.Tiruppur,Kangeyam,Kangayam,Nalroad,Poomandanvalasu,,Tngwd,,002,Noyyal,Noyyal IV,,,,11.06806,77.55787,,,F,,,,FALSE,Non Command,Panchayet Union  Elementary School,71.09999847,0.600000024,273,FALSE,,,,Poomandanvalasu,,,Rural,,
HP2ETR24 A,PZ,Bore Well,"WRD, Tamil Nadu",22,19.Tiruppur,Dharapuram,Dharapuram,Thalavai Pattinam,,,Tngwd,,002,Amaravathi,Amaravathi,,,,10.63303,77.43176,,,F,Monitoring,,,FALSE,Non Command,Panchayet Union  Elementary School,60,0.610000014,272,FALSE,,,,Kallivalasu,,,Rural,,
HP2ETR25 A,PZ,Bore Well,"WRD, Tamil Nadu",22,19.Tiruppur,Dharapuram,Dharapuram,Thoppampatti,Thoppampatti,,Tngwd,,002,Amaravathi,Amaravathi IV,,,,10.78133,77.46312,,,F,,,,FALSE,Non Command,Panchayet Union Middle School,61.29999924,0.600000024,263,FALSE,,,,Thoppampatti,,,Rural,,
HP2ETR26,PZ,Bore Well,"WRD, Tamil Nadu",22,19.Tiruppur,Dharapuram,Mulanur,Ponnivadi,Elugamvalasu,961/1,TNGWD,,002,Amaravathy,Amaravathy IV,CNK,PE,58F10,10.69489,77.62106,,,F,Monitoring,Low,UN,FALSE,Nil,The Borewell is located in the premises Govt High School at Elugamvalasu village.,61.90000153,0.600000024,257,TRUE,014463,Greenspan,Archaean,Ponnivadi,,,Rural,,
HP2ETR27,PZ,Bore Well,"WRD, Tamil Nadu",22,19.Tiruppur,Dharapuram,Mulanur,Peramiyam,Olapalayam,452,TNGWD,,002,Amaravathy,Amaravathy IV,CNK,PE,58F09,10.85199,77.67149,,,F,Monitoring,Low,UN,FALSE,Nil,The Borewell is located infront of the Olapalayam Panchayat Elementary School,81.80000305,0.600000024,200,TRUE,006306,Greenspan,Archaean,Thoorampadi,,,Rural,,
IBH-61286,PZ,Bore Well,"WRD, Tamil Nadu",22,19.Tiruppur,Dharapuram,Kundadam,Kundadam,Kundadam,,Pwd Wro,,002,Ruthravathi,,GGN,PD,58E5,10.84852,77.44734,,,F,Monitoring,,PE,FALSE,,In center of pwd ooffice,120,0.649999976,303,FALSE,,,Archean,Kundadam,,,Rural,,
IBH-61288,PZ,Bore Well,"WRD, Tamil Nadu",22,19.Tiruppur,Dharapuram,Kundadam,Nanthavanampalayam,Nandavanampalayam,,Pwd Wro,,002,Ruthravathi,,GGN,PE,58F5,10.84754,77.36473,,,F,Monitoring,,PD,FALSE,,In front of PACP Socity land,123,0.100000001,317,FALSE,,,,Nandavanampalay,,,Rural,,
IBH61284,PZ,Bore Well,"WRD, Tamil Nadu",22,19.Tiruppur,Kangeyam,Vellakoil,Vellakoil,,,TNGWD,,002,Amaravathy,Amaravathy,GGN,PE,58F09,10.99157,77.72028,,,F,Monitoring,,PE,FALSE,,Left side the elementary school,60,0.449999988,233,FALSE,,,Archaean,Nadupalayam,02-01-2009,,Rural,,
MWSETR06,PZ,Bore Well,"WRD, Tamil Nadu",22,19.Tiruppur,Uthukuli,Uthukuli,Virumandampalayam,Virumandempalayam,,Tngwd,,002,N4,Noyyal/Uthukuli,,BP,58E8,11.21312,77.39453,,,F,Monitoring,,PL,FALSE,Non Command,Ammapalayam,124,0.600000024,318,FALSE,,,,Virumandempalay,,,Rural,,
MWSETR07,PZ,Bore Well,"WRD, Tamil Nadu",22,19.Tiruppur,Uthukuli,Uthukuli,Velampalayam,Velampalayam,,Tngwd,,002,N4,Noyyal/Velampal,,,58E7,11.26659,77.43894,,,F,Monitoring,,PL,FALSE,Non Command,Karukkupalayam,140.5,0.649999976,310,FALSE,,,,Velampalayam,,,Rural,,
MWSETR12,PZ,Bore Well,"WRD, Tamil Nadu",22,19.Tiruppur,Dharapuram,Kundadam,Kokkampalayam,Kokkampalayam,,Tngwd,,002,A1,Amaravathy/Sada,,BP,58E5,10.87879,77.38911,,,F,Monitoring,,PL,FALSE,Non Command,J.J. Nagar Harjan Colony,144.1000061,0.649999976,353,FALSE,,,,Kokkampalayam,,,Rural,,
MWSETR13,PZ,Bore Well,"WRD, Tamil Nadu",22,19.Tiruppur,Dharapuram,Dharapuram,Shangarandampalayam,Sankarandampalayam,,Tngwd,,002,A4,Amaravathy/Kund,,PE,58E9,10.81542,77.60688,,,F,Monitoring,,PL,FALSE,Non Command,Velampalayam,125.8000031,0.600000024,222,FALSE,,,,Sankarandampala,,,Rural,,
MWSETR14,PZ,Bore Well,"WRD, Tamil Nadu",22,19.Tiruppur,Dharapuram,Dharapuram,Chirukinar,Sirukinar,,Tngwd,,002,A4,Amaravathy/Siru,,PE,58E9,10.502,77.3251,,,NF,Monitoring,,PL,FALSE,Non Command,Kovil puramboke,130.6999969,0.600000024,342,FALSE,,,,Sirukinar,,,Rural,,
MWSETR15,PZ,Bore Well,"WRD, Tamil Nadu",22,19.Tiruppur,Dharapuram,Dharapuram,Kolathupalayam,Kolathupalayam,,Tngwd,,002,A4,Amaravathy/Kula,,PE,58E10,10.74435,77.61057,,,F,Monitoring,,PL,FALSE,Non Command,D. Kumarapalayam,92,0.600000024,244,FALSE,,,,Kolathupalayam,,,,,
